,PDBID,Chain,Residue,ResNum,PHI,PSI,Omega,tau,BFactor,chi1,chi2,chi3,chi4,chi5,Disorder,RamaChandran Plot Region(Six Category),RamaChandran Plot Region(Seven Category),RamaChandran Plot Region(Std)
0,postMDprotein,F,LYS,20,-145,152,175.0368184541176,106.84152821277677,41.42,173.18665675411,175.4513308135213,171.99984530302086,-157.37212404797683,,No,Favoured,Favoured,Favoured
1,postMDprotein,F,GLU,21,-128,151,151.45620100838727,115.9770259747005,41.13,-155.6187548325002,160.26372076095265,-118.38041077083378,,,No,Favoured,Favoured,Favoured
2,postMDprotein,F,SER,22,-114,138,164.53469294374395,104.85560349499364,36.98,-48.07085961756547,,,,,No,Favoured,Favoured,Favoured
3,postMDprotein,F,TYR,23,-114,142,165.52528929010253,108.66594927281326,38.0,163.68879595996108,51.42909129433501,,,,No,Favoured,Favoured,Favoured
4,postMDprotein,F,LEU,24,-117,98,-169.18360833686427,102.04035380767766,41.03,-42.64635350570127,156.86953833770934,,,,No,Favoured,Favoured,Favoured
5,postMDprotein,F,GLU,25,-83,-12,-175.1224334636563,112.33686077569904,44.18,157.67219998949,76.36581360910186,9.045215881939361,,,No,Favoured,Favoured,Favoured
6,postMDprotein,F,GLU,26,-70,-26,179.15168205919417,114.88144326201751,59.8,146.108255998206,-94.00471765926382,-147.61762656126086,,,No,Favoured,Favoured,Favoured
7,postMDprotein,F,SER,27,-159,23,-173.75889941235172,117.21934965103463,46.91,61.516360803399934,,,,,No,Allowed,Allowed,Allowed
8,postMDprotein,F,CYS,28,68,58,158.73439268538513,110.8388417241563,43.3,-179.4385304457432,,,,,No,Allowed,Allowed,Allowed
9,postMDprotein,F,SER,29,-146,155,-178.57004877025543,109.73765577604047,39.88,178.28215754266805,,,,,No,Favoured,Favoured,Favoured
10,postMDprotein,F,THR,30,-126,146,-176.5730945150624,109.15045950213536,42.6,60.33847307349816,,,,,No,Favoured,Favoured,Favoured
11,postMDprotein,F,ILE,31,-121,100,172.75174869326216,104.38367414170295,39.55,-54.943117971243424,162.15314838134964,,,,No,Favoured,Favoured,Favoured
12,postMDprotein,F,THR,32,-85,138,176.58375971332816,106.41611426701986,37.43,-54.03449891408596,,,,,No,Favoured,Favoured,Favoured
13,postMDprotein,F,GLU,33,-126,174,167.50628054362292,110.15735381148363,35.85,-56.83526288260225,-170.2876311248627,-128.52774640109126,,,No,Favoured,Favoured,Favoured
14,postMDprotein,F,GLY,34,106,31,-179.23046976370946,107.72043465908374,33.64,,,,,,No,Favoured,Favoured,Favoured
15,postMDprotein,F,TYR,35,-123,147,172.6212359324034,108.01099918551245,38.88,-81.64851107591154,79.02393428025188,,,,No,Favoured,Favoured,Favoured
16,postMDprotein,F,LEU,36,-116,171,178.12028526511904,113.71521196089707,45.91,-65.71458477744248,-176.67942375107384,,,,No,Favoured,Favoured,Favoured
17,postMDprotein,F,SER,37,-147,154,-171.1848900441177,107.98610045608376,35.34,61.146633493149594,,,,,No,Favoured,Favoured,Favoured
18,postMDprotein,F,VAL,38,-121,130,153.9285069468706,100.93932641325702,33.31,66.81249392069707,,,,,No,Favoured,Favoured,Favoured
19,postMDprotein,F,LEU,39,-127,155,179.88961176944943,106.50965343742665,41.46,-60.69539189333786,172.41864877161296,,,,No,Favoured,Favoured,Favoured
20,postMDprotein,F,ARG,40,-89,132,171.30208006254645,109.46906680931947,37.44,-168.285338606915,-158.14034577163906,55.38545999281328,74.06618662412417,1.5437658571199728,No,Favoured,Favoured,Favoured
21,postMDprotein,F,THR,41,-114,-40,-166.86298211917475,109.7769383981235,43.0,55.74323120932526,,,,,No,Favoured,Favoured,Favoured
22,postMDprotein,F,GLY,42,-149,-166,-168.55285977085833,107.69233200565611,44.49,,,,,,No,Favoured,Favoured,Favoured
23,postMDprotein,F,TRP,43,-143,158,176.80448502479894,107.15315314948677,40.19,-66.15703568304997,94.49939779533851,,,,No,Favoured,Favoured,Favoured
24,postMDprotein,F,TYR,44,-138,128,170.1419936362933,105.37741778874539,39.07,-161.08680588903786,-121.94059792165507,,,,No,Favoured,Favoured,Favoured
25,postMDprotein,F,THR,45,-80,149,176.4364072859797,112.05800214789171,41.51,-62.93850009819814,,,,,No,Favoured,Favoured,Favoured
26,postMDprotein,F,ASN,46,-142,124,156.63129471023467,106.62253296994987,35.81,-170.41822825985642,-37.51414928788669,,,,No,Favoured,Favoured,Favoured
27,postMDprotein,F,VAL,47,-80,133,173.24484625327793,106.71079105381402,45.17,-178.74730167657,,,,,No,Favoured,Favoured,Favoured
28,postMDprotein,F,PHE,48,-118,127,-179.64285536534808,102.15685260602746,39.03,-98.48310476053739,71.3737283459029,,,,No,Favoured,Favoured,Favoured
29,postMDprotein,F,THR,49,-121,92,-178.99513126653565,106.16823181830402,46.67,64.96045527966201,,,,,No,Favoured,Favoured,Favoured
30,postMDprotein,F,LEU,50,-95,134,-173.2639909144567,107.25234852568136,52.19,-167.8859375821974,125.61384368937455,,,,No,Favoured,Favoured,Favoured
31,postMDprotein,F,GLU,51,-109,131,170.61700888613763,110.41151396569425,55.84,-65.2619194405303,-53.01164073477606,147.75190069315076,,,No,Favoured,Favoured,Favoured
32,postMDprotein,F,VAL,52,-98,-38,179.60499379456118,108.56658978083294,58.02,-178.2379693515716,,,,,No,Favoured,Favoured,Favoured
33,postMDprotein,F,GLY,53,102,158,-170.4976732096154,108.5252099852805,65.03,,,,,,No,Favoured,Favoured,Favoured
34,postMDprotein,F,ASP,54,-87,66,-175.4825073415766,109.83675294296607,84.33,50.50130150933565,154.398927129532,,,,No,Favoured,Favoured,Favoured
35,postMDprotein,F,VAL,55,-72,-3,175.81232868728574,115.49796780454501,83.78,-72.7260728999724,,,,,No,Favoured,Favoured,Favoured
36,postMDprotein,F,GLU,56,-93,-12,175.15324653704792,109.61894460936105,101.08,-76.66254791207021,-95.37271990490399,28.233393341646973,,,No,Favoured,Favoured,Favoured
37,postMDprotein,F,ASN,57,-88,-50,171.396780372053,110.89875839997144,94.12,-160.33636834867437,-78.8767444943948,,,,No,Favoured,Favoured,Favoured
38,postMDprotein,F,LEU,58,-69,129,177.42094425585995,110.85730355825046,81.15,-64.61176171230775,162.87224183877433,,,,No,Favoured,Favoured,Favoured
39,postMDprotein,F,THR,59,-129,142,179.95775848911148,108.96047280311657,88.96,170.52553486177334,,,,,No,Favoured,Favoured,Favoured
40,postMDprotein,F,CYS,60,-138,47,179.7076182517681,107.66017262914407,97.13,-165.01980018778,,,,,No,Favoured,Favoured,Favoured
41,postMDprotein,F,ALA,61,-72,-29,-171.68527459599392,113.3485250055392,89.19,,,,,,No,Favoured,Favoured,Favoured
42,postMDprotein,F,PRO,64,-77,152,179.4156486731878,106.9586803796631,77.62,33.60887093514784,-29.029786965629874,,,,No,Favoured,Favoured,Favoured
43,postMDprotein,F,SER,65,-58,-31,-176.4311108422402,115.4549807184298,80.28,-51.57884119104611,,,,,No,Favoured,Favoured,Favoured
44,postMDprotein,F,LEU,66,-58,-12,174.9790836329857,112.59277794822995,59.84,-155.34573561248584,78.87067960305757,,,,No,Favoured,Favoured,Favoured
45,postMDprotein,F,ILE,67,-114,-36,160.35041909779997,113.56435498421429,64.54,-52.19476903499703,-78.37456287926786,,,,No,Favoured,Favoured,Favoured
46,postMDprotein,F,LYS,68,-65,-39,-168.8179322889473,115.4832987431317,64.43,-167.29972832686042,171.6247616655904,170.97524063778386,-170.10520380164982,,No,Favoured,Favoured,Favoured
47,postMDprotein,F,THR,69,-66,-41,177.87618486522535,110.3621338456583,70.24,53.017200212682994,,,,,No,Favoured,Favoured,Favoured
48,postMDprotein,F,GLU,70,-79,-33,-171.50098836733557,108.0272023083775,65.88,-42.42933237509352,-59.72438760013205,174.01861195450584,,,No,Favoured,Favoured,Favoured
49,postMDprotein,F,LEU,71,-66,-48,171.38546453774998,111.49865743352248,74.23,-169.25735578457628,61.56013482066534,,,,No,Favoured,Favoured,Favoured
50,postMDprotein,F,ASP,72,-68,-25,178.05262067691518,112.62335775324459,74.14,157.7826071220419,70.48883605770659,,,,No,Favoured,Favoured,Favoured
51,postMDprotein,F,LEU,73,-71,-38,168.49803080806112,113.86806980049352,53.93,-175.15141154553405,42.846529107435124,,,,No,Favoured,Favoured,Favoured
52,postMDprotein,F,THR,74,-75,-31,176.34705357804202,107.41991988488654,62.33,-56.19738108418988,,,,,No,Favoured,Favoured,Favoured
53,postMDprotein,F,LYS,75,-69,-44,177.2786302205536,106.66709155953991,62.16,-172.01072336755544,167.57478840072235,-80.144513397315,179.8841476327771,,No,Favoured,Favoured,Favoured
54,postMDprotein,F,SER,76,-79,-24,-170.49492319924627,111.59729490030462,73.83,-73.79888482927589,,,,,No,Favoured,Favoured,Favoured
55,postMDprotein,F,ALA,77,-76,-40,-178.11655814097503,106.21551046492935,61.91,,,,,,No,Favoured,Favoured,Favoured
56,postMDprotein,F,LEU,78,-65,-61,177.45950225500627,107.00830751035721,60.22,167.68857948376734,76.9999490373548,,,,No,Favoured,Favoured,Favoured
57,postMDprotein,F,ARG,79,-43,-40,173.68375162114643,114.53333822721835,75.59,-72.96241712679493,174.6727535361612,176.48927505025466,-169.94127316630693,-12.926125763159467,No,Favoured,Favoured,Favoured
58,postMDprotein,F,GLU,80,-63,-70,-179.584504887782,108.85567778508099,65.95,-173.669729478946,178.5682538928356,10.118931565819894,,,No,Allowed,Allowed,Allowed
59,postMDprotein,F,LEU,81,-55,-13,174.78394205105505,114.45810621635647,61.62,-162.2558635375041,52.48719960705216,,,,No,Allowed,Allowed,Allowed
60,postMDprotein,F,ARG,82,-89,-4,179.478928146563,111.07335834703791,88.55,-163.4228654312298,170.47795137134082,67.35887297158558,-150.85912630928624,-0.294623570602803,No,Favoured,Favoured,Favoured
61,postMDprotein,F,THR,83,-124,9,171.74482538836102,114.13032915449006,75.0,49.46448173164455,,,,,No,Favoured,Favoured,Favoured
62,postMDprotein,F,VAL,84,-89,155,169.48549317499723,105.72399521872853,57.95,-176.4661725012185,,,,,No,Favoured,Favoured,Favoured
63,postMDprotein,F,SER,85,-138,174,164.34694053565383,109.70466996472192,60.05,45.39438639172798,,,,,No,Favoured,Favoured,Favoured
64,postMDprotein,F,ALA,86,-169,-3,177.31675910000675,112.14268185022318,60.64,,,,,,No,Disallowed,Disallowed,Disallowed
65,postMDprotein,F,ASP,87,-54,-14,178.01539992908044,119.79473995823984,71.78,83.19489208672117,137.98043084600351,,,,No,Allowed,Favoured,Allowed
66,postMDprotein,F,GLN,88,-136,28,171.51992987889827,111.420759588266,90.74,-75.59811347486453,-49.470331968445755,-71.39531988130987,,,No,Favoured,Favoured,Favoured
67,postMDprotein,F,LEU,89,-56,130,165.88920948744348,114.54007256325858,80.02,-138.87072808992693,151.3883167976251,,,,No,Favoured,Favoured,Favoured
68,postMDprotein,F,VAL,104,-97,136,176.60231130489458,110.26468446008406,36.88,178.25153853403512,,,,,No,Favoured,Favoured,Favoured
69,postMDprotein,F,LEU,105,-97,114,170.39119106601285,103.53110516572276,47.9,-59.22012085722065,158.48847014169064,,,,No,Favoured,Favoured,Favoured
70,postMDprotein,F,GLY,106,90,37,179.73188101311155,108.93415663927631,41.29,,,,,,No,Favoured,Favoured,Favoured
71,postMDprotein,F,ALA,107,-61,-60,-178.24138103409106,110.51729386000243,41.28,,,,,,No,Favoured,Favoured,Favoured
72,postMDprotein,F,ILE,108,-86,144,174.0698949860726,111.1727184686968,48.23,-52.48670079727493,179.07965421756387,,,,No,Favoured,Favoured,Favoured
73,postMDprotein,F,ALA,109,-77,72,167.60684732773203,105.38162053249651,45.9,,,,,,No,Favoured,Favoured,Favoured
74,postMDprotein,F,LEU,110,-151,97,-179.47578767506616,106.44178256142196,50.29,-171.62315738069282,163.6347156263054,,,,No,Favoured,Favoured,Favoured
75,postMDprotein,F,GLY,111,53,-55,-166.26093626715397,116.83735999413032,44.83,,,,,,No,Disallowed,Disallowed,Disallowed
76,postMDprotein,F,VAL,112,-63,-24,-176.27411556067622,113.39403506372898,38.38,-68.97086845697568,,,,,No,Favoured,Favoured,Favoured
77,postMDprotein,F,ALA,113,-156,164,-177.41803618766565,115.99279335951749,41.71,,,,,,No,Favoured,Favoured,Favoured
78,postMDprotein,F,THR,114,-138,-39,-177.2296241601638,106.2793504896876,41.62,48.33601977862843,,,,,No,Allowed,Allowed,Allowed
79,postMDprotein,F,ALA,115,-105,55,-171.10589286402202,100.06631344851225,40.63,,,,,,No,Allowed,Allowed,Allowed
80,postMDprotein,F,ALA,116,-64,-9,-172.5202309492065,114.06641571050031,39.95,,,,,,No,Favoured,Favoured,Favoured
81,postMDprotein,F,ALA,117,-74,-39,173.97297777654632,110.808575484967,41.85,,,,,,No,Favoured,Favoured,Favoured
82,postMDprotein,F,VAL,118,-59,-57,171.66975493238215,107.16188345128978,45.36,178.88000753828138,,,,,No,Favoured,Favoured,Favoured
83,postMDprotein,F,THR,119,-45,-48,179.60561198579003,117.07943414522992,46.06,74.04824173360406,,,,,No,Favoured,Favoured,Favoured
84,postMDprotein,F,ALA,120,-83,-5,-177.78183355512695,113.82041378300232,43.78,,,,,,No,Favoured,Favoured,Favoured
85,postMDprotein,F,GLY,121,-104,-36,179.38141173649697,112.44089509627553,50.54,,,,,,No,Favoured,Favoured,Favoured
86,postMDprotein,F,VAL,122,-69,-21,-176.7209969815181,113.91159415160541,44.41,-71.7076375881274,,,,,No,Favoured,Favoured,Favoured
87,postMDprotein,F,ALA,123,-48,-41,163.445024834611,114.74164833622915,49.28,,,,,,No,Favoured,Favoured,Favoured
88,postMDprotein,F,ILE,124,-99,-26,-177.52067877319425,107.99724410892115,49.41,-60.27984528459467,-146.9587807853967,,,,No,Favoured,Favoured,Favoured
89,postMDprotein,F,ALA,125,-64,-28,170.96151344344355,114.7795019517657,45.58,,,,,,No,Favoured,Favoured,Favoured
90,postMDprotein,F,LYS,126,-54,-52,177.48978871162308,108.5367445886843,48.11,-172.91863461303467,172.11426085164422,-169.1986840580908,-177.61431252777334,,No,Favoured,Favoured,Favoured
91,postMDprotein,F,THR,127,-69,-20,173.77301709185178,117.36690009643625,56.79,47.20176781103922,,,,,No,Favoured,Favoured,Favoured
92,postMDprotein,F,ILE,128,-82,-28,-177.9620648147816,107.50861975657756,47.4,-61.19494420408818,169.5949280803713,,,,No,Favoured,Favoured,Favoured
93,postMDprotein,F,ARG,129,-46,-41,-174.43703323325093,115.33316042531278,49.96,-168.56970267954878,44.18493359647676,145.10112881133077,150.75821519838632,7.948622818600762,No,Favoured,Favoured,Favoured
94,postMDprotein,F,LEU,130,-94,121,-167.65849582367284,104.16763496799351,65.84,-51.30316162230861,81.0460407662552,,,,No,Favoured,Favoured,Favoured
95,postMDprotein,F,GLU,131,-57,-23,-169.69684584215503,115.36698942863127,80.8,-176.26118989826892,165.87663039886385,-174.126660709184,,,No,Favoured,Favoured,Favoured
96,postMDprotein,F,SER,132,-55,-23,173.30798690561423,111.18529426062244,70.97,53.28578796037355,,,,,No,Favoured,Favoured,Favoured
97,postMDprotein,F,GLU,133,-97,-32,176.429145256806,114.71300663338342,59.99,-171.8458428039565,76.41396537656698,90.07712179972398,,,No,Favoured,Favoured,Favoured
98,postMDprotein,F,VAL,134,-73,-34,-170.82260589665717,106.07528759006661,52.63,173.94203057577596,,,,,No,Favoured,Favoured,Favoured
99,postMDprotein,F,THR,135,-67,-24,178.79376057244082,109.08839795241109,71.57,45.75267671995417,,,,,No,Favoured,Favoured,Favoured
100,postMDprotein,F,ALA,136,-82,-42,177.15174888182327,113.64989838680735,57.84,,,,,,No,Favoured,Favoured,Favoured
101,postMDprotein,F,ILE,137,-64,-52,175.57160020054698,108.1326379542532,57.41,-69.0042484298719,155.26437061843893,,,,No,Favoured,Favoured,Favoured
102,postMDprotein,F,LYS,138,-61,-10,175.44346625005127,113.36631817075524,62.34,-70.84378454038847,-163.08310526541834,76.06073688126226,-171.84743266994923,,No,Favoured,Favoured,Favoured
103,postMDprotein,F,ASN,139,-87,-18,174.2067762954764,108.80619016904697,78.4,-161.04905009865834,59.46401428976553,,,,No,Favoured,Favoured,Favoured
104,postMDprotein,F,ALA,140,-77,-14,175.4169238739468,112.18574766279022,65.35,,,,,,No,Favoured,Favoured,Favoured
105,postMDprotein,F,LEU,141,-113,21,-175.47457622791836,111.42898292454589,66.01,-55.60321706901284,172.4955452930492,,,,No,Favoured,Favoured,Favoured
106,postMDprotein,F,LYS,142,-62,-40,174.07123769541255,112.57743103860989,86.77,-168.67387817374197,-156.30357111317284,-60.99231239718027,172.76062056550222,,No,Favoured,Favoured,Favoured
107,postMDprotein,F,LYS,143,-119,-35,-170.7508582194316,108.54740515102127,87.22,-69.75346065887074,152.0490778312405,160.67263587340375,173.58362229704142,,No,Favoured,Favoured,Favoured
108,postMDprotein,F,THR,144,-100,166,179.0785230560572,108.31281839024123,77.95,51.577119836530926,,,,,No,Favoured,Favoured,Favoured
109,postMDprotein,F,ASN,145,-104,-30,-173.59812687229942,110.6837582741021,67.46,-123.49079282156504,51.150015189054145,,,,No,Favoured,Favoured,Favoured
110,postMDprotein,F,GLU,146,-124,146,162.06039379663883,109.99376936572006,50.23,-71.55538807321072,153.75260586611088,179.25515598913188,,,No,Favoured,Favoured,Favoured
111,postMDprotein,F,ALA,147,-160,157,177.1533909257746,107.66738583511446,51.02,,,,,,No,Favoured,Favoured,Favoured
112,postMDprotein,F,VAL,148,-84,156,161.31414555420977,109.37394757910585,54.83,-179.93159497180636,,,,,No,Favoured,Favoured,Favoured
113,postMDprotein,F,SER,149,-145,149,174.6301438580619,105.3177504040501,58.36,-164.6773231121167,,,,,No,Favoured,Favoured,Favoured
114,postMDprotein,F,THR,150,-73,133,163.32157146780457,110.03303857735025,65.13,54.71174065786647,,,,,No,Favoured,Favoured,Favoured
115,postMDprotein,F,LEU,151,-116,156,169.7108070381315,108.78234425580172,64.85,-178.78240284521743,48.18398126337995,,,,No,Favoured,Favoured,Favoured
116,postMDprotein,F,GLY,152,-43,128,166.19423819258847,113.68281771278592,64.76,,,,,,No,Favoured,Favoured,Favoured
117,postMDprotein,F,ASN,153,97,3,-175.97207455245376,110.80567640153978,76.38,-164.19557678242595,49.01194492691573,,,,No,Disallowed,Disallowed,Disallowed
118,postMDprotein,F,GLY,154,86,19,172.84304171315028,113.15724325510783,74.53,,,,,,No,Favoured,Favoured,Favoured
119,postMDprotein,F,VAL,155,-79,155,175.26386778950965,110.2744142574923,58.17,-168.69528885438967,,,,,No,Favoured,Favoured,Favoured
120,postMDprotein,F,ARG,156,-121,117,165.9966201459218,110.08361294898397,51.91,-81.92066268785359,81.88212360757358,155.81007402047575,-74.33698195965181,-7.907880984445161,No,Favoured,Favoured,Favoured
121,postMDprotein,F,VAL,157,-116,151,-179.22007325002676,110.60120035284203,50.91,-72.61659179747869,,,,,No,Favoured,Favoured,Favoured
122,postMDprotein,F,LEU,158,-85,152,171.39600678622108,107.30698020203829,47.83,179.00598613814546,54.01111759027976,,,,No,Favoured,Favoured,Favoured
123,postMDprotein,F,ALA,159,-150,131,-168.71501213257775,108.46034416233664,40.23,,,,,,No,Favoured,Favoured,Favoured
124,postMDprotein,F,THR,160,-118,140,178.58633510666562,113.75580833015619,44.67,-50.3558282711099,,,,,No,Favoured,Favoured,Favoured
125,postMDprotein,F,ALA,161,-102,134,177.02179120040944,105.41511450202087,54.22,,,,,,No,Favoured,Favoured,Favoured
126,postMDprotein,F,VAL,162,-129,56,179.78687927011347,102.39276022228418,51.82,-168.56041920135468,,,,,No,Allowed,Allowed,Allowed
127,postMDprotein,F,ARG,163,-49,-23,177.90197647737756,114.38621485175189,55.79,-41.82590521850328,-175.02310729418173,-136.0107497623634,-115.20947189425397,14.694458242862282,No,Favoured,Favoured,Favoured
128,postMDprotein,F,LYS,166,-67,-40,177.79734671437842,106.59867873091471,55.47,-179.72671765792722,-176.47517594753214,-176.23919760763067,170.50546970674648,,No,Favoured,Favoured,Favoured
129,postMDprotein,F,ASP,167,-50,-61,167.663157755515,114.15363163851713,70.11,163.4428571926836,-125.05362536745635,,,,No,Favoured,Favoured,Favoured
130,postMDprotein,F,PHE,168,-46,-48,162.95516377601882,114.27430243346026,65.82,179.04372651629663,-86.71160832412231,,,,No,Favoured,Favoured,Favoured
131,postMDprotein,F,VAL,169,-62,-38,-178.5603244629719,114.55579740512245,62.43,163.82004098534384,,,,,No,Favoured,Favoured,Favoured
132,postMDprotein,F,SER,170,-68,-3,179.4840227629908,116.81301189184789,72.38,-52.71607274186325,,,,,No,Favoured,Favoured,Favoured
133,postMDprotein,F,LYS,171,-140,-44,-168.63341059563822,109.06593898168329,73.92,59.06197399753167,-166.63394910066705,-173.71893395623948,-167.7464972843227,,No,Allowed,Allowed,Allowed
134,postMDprotein,F,THR,174,-54,-19,165.4111230423406,115.81959693183695,82.32,-177.68540910615434,,,,,No,Favoured,Favoured,Favoured
135,postMDprotein,F,ARG,175,-81,-40,170.96634692749808,112.53192631266909,93.46,-56.15282496427375,174.06614777241936,-169.08764338557845,-107.64548458611935,6.840021059975828,No,Favoured,Favoured,Favoured
136,postMDprotein,F,ALA,176,-66,-58,179.2306206333505,107.67694951702387,79.86,,,,,,No,Favoured,Favoured,Favoured
137,postMDprotein,F,ILE,177,-97,119,-178.911164877406,110.91539966086854,88.59,-49.801997158390606,170.15650026029687,,,,No,Favoured,Favoured,Favoured
138,postMDprotein,F,ASN,178,-93,165,171.84405044696473,107.6285247952189,119.12,-151.66156120969504,-76.80788961336862,,,,No,Favoured,Favoured,Favoured
139,postMDprotein,F,LYS,179,-64,-18,160.54396359234778,112.68931280884877,123.66,53.13738233550834,179.8500467769868,-87.01491981565206,-176.50813350122894,,No,Favoured,Favoured,Favoured
140,postMDprotein,F,ASN,180,-89,-42,177.1722704560089,112.1141471400193,110.06,-174.9525547677176,47.274257989602276,,,,No,Favoured,Favoured,Favoured
141,postMDprotein,F,LYS,181,-164,177,-158.95810740836745,112.81198928315854,96.02,61.88910482099159,73.24909274089454,172.9655597871997,-174.12493182862264,,No,Favoured,Favoured,Favoured
142,postMDprotein,F,CYS,182,-139,109,-175.73863748598643,117.57348495756194,82.84,-157.36056377143788,,,,,No,Favoured,Favoured,Favoured
143,postMDprotein,F,ASP,183,-142,168,177.0232992830825,106.46352599205741,85.11,56.070125826587294,-157.00854694343235,,,,No,Favoured,Favoured,Favoured
144,postMDprotein,F,ILE,184,-91,122,170.3165063544923,107.6779950910835,81.48,-72.74813996581321,164.2727235487881,,,,No,Favoured,Favoured,Favoured
145,postMDprotein,F,PRO,185,-75,-45,173.74430122850887,111.82796630922621,98.41,24.7907200643918,-27.85443373729633,,,,No,Allowed,Allowed,Favoured
146,postMDprotein,F,ASP,186,-151,147,175.25471752114464,103.15655640506058,104.35,111.75867280908761,-83.26703574761359,,,,No,Favoured,Favoured,Favoured
147,postMDprotein,F,LEU,187,-75,-8,174.48873587471894,119.79523777605087,81.78,-76.70972209702295,171.16110458951965,,,,No,Favoured,Favoured,Favoured
148,postMDprotein,F,LYS,188,-74,-36,169.44617125516785,113.26104313350316,63.95,-63.544413713257754,-170.8874109405135,-49.99826792448991,-56.73095323100034,,No,Favoured,Favoured,Favoured
149,postMDprotein,F,MET,189,-84,-39,178.43908950219864,113.19533909601265,72.39,-166.96372003103815,-153.1360652711835,75.71261342861276,,,No,Favoured,Favoured,Favoured
150,postMDprotein,F,ALA,190,-56,-45,-176.4189521960382,108.88165955930752,64.87,,,,,,No,Favoured,Favoured,Favoured
151,postMDprotein,F,VAL,191,-60,2,179.12453147889445,122.52374887878958,57.83,-56.30439404930601,,,,,No,Allowed,Allowed,Allowed
152,postMDprotein,F,SER,192,-111,-21,-159.69787247923966,112.08663685191995,67.76,66.80535863407509,,,,,No,Favoured,Favoured,Favoured
153,postMDprotein,F,PHE,193,-53,-38,165.41048806796343,115.42860956096928,57.28,-167.52337696183045,21.697731963295777,,,,No,Favoured,Favoured,Favoured
154,postMDprotein,F,SER,194,-74,0,175.15013732759957,112.24966645272983,57.56,176.86987655192027,,,,,No,Favoured,Favoured,Favoured
155,postMDprotein,F,GLN,195,-119,-31,177.7132875295411,109.70626672399361,51.27,-77.95140092663202,175.91324200947568,179.78524192402537,,,No,Favoured,Favoured,Favoured
156,postMDprotein,F,PHE,196,-79,-19,179.32880622399446,112.8141344657225,60.06,-141.5252322167217,-73.6129417637896,,,,No,Favoured,Favoured,Favoured
157,postMDprotein,F,ASN,197,-85,-9,176.33954523422435,115.74746161534053,56.19,61.178788306054706,-1.7363162122151532,,,,No,Favoured,Favoured,Favoured
158,postMDprotein,F,ARG,198,-59,-29,-173.73899129463734,118.82851790708914,57.22,-61.06744947166758,167.670973086336,168.92277082997336,161.42569773309214,-12.071311702469377,No,Favoured,Favoured,Favoured
159,postMDprotein,F,ARG,199,-68,-46,-179.79541053660452,103.700515003702,51.97,-171.8828075182482,177.71483268770936,-171.42558220313035,176.37709131600224,-6.2915391004401275,No,Favoured,Favoured,Favoured
160,postMDprotein,F,PHE,200,-58,-51,174.26160144884685,113.15343531385848,46.6,172.8123347245502,52.14118843494208,,,,No,Favoured,Favoured,Favoured
161,postMDprotein,F,LEU,201,-65,-24,-170.52077258280858,113.94861822324181,47.04,-70.69942983161478,-179.47345930009377,,,,No,Favoured,Favoured,Favoured
162,postMDprotein,F,ASN,202,-87,-37,-174.20415547070883,107.22567065559981,54.61,-85.89972838012315,7.829247631685741,,,,No,Favoured,Favoured,Favoured
163,postMDprotein,F,VAL,203,-59,-50,176.8933928650381,110.68693141710851,52.47,166.1414930021378,,,,,No,Favoured,Favoured,Favoured
164,postMDprotein,F,VAL,204,-42,-57,164.98950717068962,114.60038848539003,46.96,164.8132584096076,,,,,No,Allowed,Allowed,Favoured
165,postMDprotein,F,ARG,205,-55,-51,178.6209919692228,114.3092990332381,55.99,-66.35667580164845,-88.19898293537854,48.81418744879218,75.62164905046711,0.5745294727335837,No,Favoured,Favoured,Favoured
166,postMDprotein,F,GLN,206,-74,-27,-173.6042943977298,112.96757729949053,52.87,-70.63657479141737,-77.3023031640984,-10.452693187111898,,,No,Favoured,Favoured,Favoured
167,postMDprotein,F,PHE,207,-78,-43,160.6445773639853,112.73121552805809,53.66,-71.59515866728701,-51.47582534205225,,,,No,Favoured,Favoured,Favoured
168,postMDprotein,F,SER,208,-75,-40,-162.81226580542528,108.7410938414757,53.64,169.12799878489557,,,,,No,Favoured,Favoured,Favoured
169,postMDprotein,F,ASP,209,-88,7,-177.54859462540156,112.17285982269505,68.48,-56.46231444096186,141.35713284801645,,,,No,Favoured,Favoured,Favoured
170,postMDprotein,F,ASN,210,-131,12,178.37439335551625,116.64543803030979,51.22,-142.91461534507144,79.6512137862938,,,,No,Favoured,Favoured,Favoured
171,postMDprotein,F,ALA,211,101,10,159.15136156410756,111.7647191833522,49.0,,,,,,No,Disallowed,Disallowed,Disallowed
172,postMDprotein,F,GLY,212,96,7,-175.84761980736477,113.75233999207101,41.71,,,,,,No,Favoured,Favoured,Favoured
173,postMDprotein,F,ILE,213,-134,121,-178.8253096535581,104.4945351006821,47.69,53.27788641493801,177.54914619634977,,,,No,Favoured,Favoured,Favoured
174,postMDprotein,F,THR,214,-73,150,178.30652572454844,106.35079059484721,51.25,52.61296681356006,,,,,No,Favoured,Favoured,Favoured
175,postMDprotein,F,PRO,215,-71,-33,-179.62755478096742,112.46060280092192,56.64,27.702778186159403,-27.54516441899575,,,,No,Favoured,Favoured,Favoured
176,postMDprotein,F,ALA,216,-136,-167,170.41430997521138,110.05366695308811,60.17,,,,,,No,Favoured,Favoured,Favoured
177,postMDprotein,F,ILE,217,-90,108,155.71219773847764,108.98795413507347,41.14,-58.77486909033471,172.72790238340826,,,,No,Favoured,Favoured,Favoured
178,postMDprotein,F,SER,218,-88,159,167.00206620251097,109.80956195025598,49.65,52.73164463842699,,,,,No,Favoured,Favoured,Favoured
179,postMDprotein,F,LEU,219,-52,-19,179.23903406455383,114.63438525950355,57.81,-61.35109805229297,170.6781814129407,,,,No,Favoured,Favoured,Favoured
180,postMDprotein,F,ASP,220,-90,-26,-179.76924704336435,111.3465089255483,54.36,-64.03496320600496,-58.675611943605574,,,,No,Favoured,Favoured,Favoured
181,postMDprotein,F,LEU,221,-69,-36,171.9435224051864,114.11068170470683,49.58,-151.89809657485185,69.7842913435134,,,,No,Favoured,Favoured,Favoured
182,postMDprotein,F,MET,222,-164,117,-172.63622571344237,104.78009841529608,51.39,-156.8819916312873,-171.82735987604414,-153.69660383567165,,,No,Allowed,Allowed,Allowed
183,postMDprotein,F,THR,223,-68,164,173.18997969349638,107.41973820489827,41.73,58.937102542664,,,,,No,Favoured,Favoured,Favoured
184,postMDprotein,F,ASP,224,-63,-39,-175.33585587410928,110.86787737562197,48.58,173.31829710616603,-138.30673795318197,,,,No,Favoured,Favoured,Favoured
185,postMDprotein,F,ALA,225,-56,-49,169.29936091018808,114.13338686694445,47.28,,,,,,No,Favoured,Favoured,Favoured
186,postMDprotein,F,GLU,226,-63,-34,176.4536945909701,113.44541091655476,45.17,-75.33424548264642,172.86649351664693,142.39134778142875,,,No,Favoured,Favoured,Favoured
187,postMDprotein,F,LEU,227,-71,-44,177.53589339953984,111.87190167607078,40.7,-177.18065774191126,115.09853094328581,,,,No,Favoured,Favoured,Favoured
188,postMDprotein,F,ALA,228,-55,-48,173.01572849405042,111.40940073163289,45.17,,,,,,No,Favoured,Favoured,Favoured
189,postMDprotein,F,ARG,229,-73,-21,-179.2521623336627,109.7044914167918,42.09,-169.40926820202924,167.58917241937428,47.75737456239092,-113.11577324171367,7.9588891764941065,No,Favoured,Favoured,Favoured
190,postMDprotein,F,ALA,230,-92,-38,-179.89388499465775,111.89777234852413,41.5,,,,,,No,Favoured,Favoured,Favoured
191,postMDprotein,F,VAL,231,-68,-25,176.54259024707244,111.18810106690883,43.14,-65.66751760202516,,,,,No,Favoured,Favoured,Favoured
192,postMDprotein,F,MET,234,-84,150,175.18075656645593,107.82028057266531,45.08,-61.700809947217195,177.47118156307914,161.8205522605106,,,No,Favoured,Favoured,Favoured
193,postMDprotein,F,PRO,235,-80,97,178.1140034897695,108.75951053933557,40.79,27.851476065213905,-28.913540565798876,,,,No,Allowed,Allowed,Favoured
194,postMDprotein,F,THR,236,-151,-178,174.84438229030346,109.02629224133081,37.78,-171.48522339388617,,,,,No,Favoured,Favoured,Favoured
195,postMDprotein,F,SER,237,-86,142,-179.0571186782811,111.81149235063272,44.05,-51.35697752182131,,,,,No,Favoured,Favoured,Favoured
196,postMDprotein,F,ALA,238,-37,-42,-168.86630969727173,115.65685594192321,45.78,,,,,,No,Allowed,Allowed,Allowed
197,postMDprotein,F,GLY,239,-72,-30,-173.0532580130303,109.08405298917349,36.97,,,,,,No,Favoured,Favoured,Favoured
198,postMDprotein,F,GLN,240,-79,-43,-174.12482299361872,105.25597801657597,34.23,-61.212250505477286,-62.88930953919451,143.82197430266385,,,No,Favoured,Favoured,Favoured
199,postMDprotein,F,ILE,241,-53,-38,176.02014215502902,110.60327600456776,37.67,-59.2559780813616,-66.37966543126575,,,,No,Favoured,Favoured,Favoured
200,postMDprotein,F,LYS,242,-66,-51,171.10115865910268,111.18253782807164,40.63,-165.1789620375309,159.0525098289642,66.30891282528151,-155.27419089277836,,No,Favoured,Favoured,Favoured
201,postMDprotein,F,LEU,243,-46,-59,-178.64214671217343,112.48650171358541,41.23,169.54084597764728,61.64172425335999,,,,No,Favoured,Favoured,Favoured
202,postMDprotein,F,MET,244,-61,-7,170.1387052798209,120.03390716229026,43.6,-61.954598024580015,-166.96458306113323,-61.26294975128353,,,No,Favoured,Favoured,Favoured
203,postMDprotein,F,LEU,245,-102,-25,174.26170797571103,111.96234605513907,41.6,-82.91580700518455,169.97400291950729,,,,No,Favoured,Favoured,Favoured
204,postMDprotein,F,GLU,246,-69,-52,168.41336996659632,109.36856978435047,47.79,-71.49417620651018,-85.53021515864413,-78.98590441689133,,,No,Favoured,Favoured,Favoured
205,postMDprotein,F,ASN,247,-110,91,179.3728047047787,106.38566712636211,42.99,-156.44556901419213,-31.775428794737508,,,,No,Favoured,Favoured,Favoured
206,postMDprotein,F,ARG,248,-95,-17,173.90016467515323,107.9741025198826,48.58,-68.14481401984935,162.47443174293525,-169.5762516112446,-146.92390993597093,-0.6534417772931631,No,Favoured,Favoured,Favoured
207,postMDprotein,F,ALA,249,-63,-38,179.64156203900978,112.21538527584148,39.7,,,,,,No,Favoured,Favoured,Favoured
208,postMDprotein,F,MET,250,-49,-45,170.35973540392652,115.88893252930174,46.45,178.74240074794142,-179.9526818982329,73.0721891081842,,,No,Favoured,Favoured,Favoured
209,postMDprotein,F,VAL,251,-69,-49,177.27965060805712,108.8351373329135,32.53,-172.23067137184353,,,,,No,Favoured,Favoured,Favoured
210,postMDprotein,F,ARG,252,-65,-35,-176.10194593233462,112.816985415061,33.16,-59.55187922797283,168.8644379894267,143.53006052746576,132.3236724320983,5.011949716804216,No,Favoured,Favoured,Favoured
211,postMDprotein,F,ARG,253,-84,21,179.8270259055466,109.77868700797282,47.42,-61.9424758695589,178.76890998710974,174.63803364030068,-146.76704189551583,-1.0709654550049796,No,Allowed,Allowed,Allowed
212,postMDprotein,F,LYS,254,-152,-38,-172.07459432964262,105.53564932557887,44.38,-174.21313108053113,84.16884847594018,-178.71184052360664,150.52067411804038,,No,Allowed,Allowed,Allowed
213,postMDprotein,F,GLY,255,-75,150,173.09593236158886,105.14876922781012,35.64,,,,,,No,Favoured,Favoured,Favoured
214,postMDprotein,F,PHE,256,-147,-174,-178.04563145857475,108.0403235382519,37.24,80.25176970487873,110.2496666703965,,,,No,Favoured,Favoured,Favoured
215,postMDprotein,F,GLY,257,-146,159,160.32864553001767,112.09747850442169,42.66,,,,,,No,Favoured,Favoured,Favoured
216,postMDprotein,F,ILE,258,-103,138,170.62747019684795,109.54677045259312,44.85,-62.878333696510964,152.67372701540606,,,,No,Favoured,Favoured,Favoured
217,postMDprotein,F,LEU,259,-84,135,163.344858085346,112.16234911744382,44.92,-177.63771336241183,76.57718604914868,,,,No,Favoured,Favoured,Favoured
218,postMDprotein,F,ILE,260,-84,-38,170.96969664982527,113.10425694170097,53.43,-47.16565589371092,-51.78964280978684,,,,No,Favoured,Favoured,Favoured
219,postMDprotein,F,GLY,261,158,-157,176.255045947783,109.30846163072722,44.63,,,,,,No,Favoured,Favoured,Favoured
220,postMDprotein,F,VAL,262,-123,141,164.79309499444926,109.88401567155752,53.59,-177.14879120632736,,,,,No,Favoured,Favoured,Favoured
221,postMDprotein,F,TYR,263,-129,77,178.84322319630672,108.56951414396849,58.95,-54.51907754304876,-92.4214628031356,,,,No,Allowed,Allowed,Allowed
222,postMDprotein,F,GLY,264,90,-112,-175.88790958308923,112.48625993705876,62.15,,,,,,No,Favoured,Favoured,Favoured
223,postMDprotein,F,SER,265,-103,1,163.44577415317602,113.4632899847463,75.39,65.0711968415255,,,,,No,Favoured,Favoured,Favoured
224,postMDprotein,F,SER,266,-90,117,175.98815457533632,104.46444990954268,59.47,-70.44542180494821,,,,,No,Favoured,Favoured,Favoured
225,postMDprotein,F,VAL,267,-88,130,165.54123898152287,107.80896756514123,52.05,-175.41417783687265,,,,,No,Favoured,Favoured,Favoured
226,postMDprotein,F,ILE,268,-120,130,176.619168361421,104.26828074035618,48.53,-52.929504195875225,-70.77863894131764,,,,No,Favoured,Favoured,Favoured
227,postMDprotein,F,TYR,269,-139,176,167.76756477371484,112.16305965929777,46.05,74.64308945112258,104.36583616847723,,,,No,Favoured,Favoured,Favoured
228,postMDprotein,F,MET,270,-138,101,-169.2029618069334,108.7154614945672,46.25,-170.1737102148729,-179.1816612795414,70.8913557186113,,,No,Favoured,Favoured,Favoured
229,postMDprotein,F,VAL,271,-75,130,171.2885641166872,107.02089617776731,43.49,-175.9914724479413,,,,,No,Favoured,Favoured,Favoured
230,postMDprotein,F,GLN,272,-108,107,173.52341141593942,109.961214257126,40.21,-68.44136156031482,-73.7071670724999,122.2623546979572,,,No,Favoured,Favoured,Favoured
231,postMDprotein,F,ILE,275,-89,125,179.25007244600945,104.16417378047568,35.68,-46.372668895083734,176.65636337074977,,,,No,Favoured,Favoured,Favoured
232,postMDprotein,F,PHE,276,-107,87,169.93582067600497,104.92055658035738,39.75,-67.22379762561884,-87.46639498153431,,,,No,Favoured,Favoured,Favoured
233,postMDprotein,F,GLY,277,-86,13,-175.60684373238027,111.1662204523128,29.38,,,,,,No,Favoured,Favoured,Favoured
234,postMDprotein,F,VAL,278,-142,143,166.07874893627164,115.00529661062654,37.51,-79.02799155945246,,,,,No,Favoured,Favoured,Favoured
235,postMDprotein,F,ILE,279,-146,164,160.7307635893923,102.50298998265293,41.7,-176.39128567156658,170.12507646204915,,,,No,Favoured,Favoured,Favoured
236,postMDprotein,F,ASP,280,68,19,171.34252044815554,109.60255532165229,41.15,-64.53175878628727,173.10587995762407,,,,No,Favoured,Favoured,Favoured
237,postMDprotein,F,THR,281,-82,136,173.90797710516435,106.16890719461087,33.64,27.726011385190873,,,,,No,Favoured,Favoured,Favoured
238,postMDprotein,F,PRO,282,-85,152,-178.72110792914694,113.042561636558,38.88,32.33137053201783,-31.952522117480342,,,,No,Favoured,Favoured,Favoured
239,postMDprotein,F,CYS,283,-123,138,178.720824556438,105.32245912851886,38.78,-79.47224651681037,,,,,No,Favoured,Favoured,Favoured
240,postMDprotein,F,TRP,284,-130,141,170.28552552159118,110.99281816671304,38.28,51.09387065991224,91.46956192722088,,,,No,Favoured,Favoured,Favoured
241,postMDprotein,F,ILE,285,-114,123,-166.29607000772958,103.6688428279844,36.84,-43.82546438639093,95.81911458231625,,,,No,Favoured,Favoured,Favoured
242,postMDprotein,F,VAL,286,-109,119,174.21422490523216,107.31360234164407,42.26,-174.24905424078253,,,,,No,Favoured,Favoured,Favoured
243,postMDprotein,F,LYS,287,-132,125,-174.34619362220295,117.4447632706841,40.76,68.8782506944805,-167.9360976127195,-158.55395413929435,-48.163259671535776,,No,Favoured,Favoured,Favoured
244,postMDprotein,F,ALA,288,-127,163,-165.52011751408895,113.22151288013283,37.16,,,,,,No,Favoured,Favoured,Favoured
245,postMDprotein,F,ALA,289,-141,162,-178.22012847645374,106.43161030369599,33.17,,,,,,No,Favoured,Favoured,Favoured
246,postMDprotein,F,PRO,290,-78,138,-179.0063233263568,112.87149440985561,47.54,29.997311247529545,-30.117874846320397,,,,No,Favoured,Favoured,Favoured
247,postMDprotein,F,SER,291,-106,114,-175.72440990397212,100.2215642965216,46.68,-170.7035469134152,,,,,No,Favoured,Favoured,Favoured
248,postMDprotein,F,CYS,292,-125,163,-163.58128814543755,111.90696694416923,54.16,-60.23735387765275,,,,,No,Favoured,Favoured,Favoured
249,postMDprotein,F,SER,293,-144,150,173.72553870510131,106.85735995341845,58.35,-167.25065976605268,,,,,No,Favoured,Favoured,Favoured
250,postMDprotein,F,GLU,294,-144,140,-174.5434700214391,105.57078241425046,69.02,166.50229432615697,-91.49226975457398,147.12452149073133,,,No,Favoured,Favoured,Favoured
251,postMDprotein,F,LYS,295,-142,122,168.38207746370193,99.6782407870246,71.35,-163.59094495605956,71.09690174767489,168.3631435293519,60.532279560827774,,No,Favoured,Favoured,Favoured
252,postMDprotein,F,LYS,296,58,32,173.31431219919216,114.04249867173125,85.08,-53.454763486630995,170.22479525904194,167.92367012658474,168.89309669730827,,No,Favoured,Favoured,Favoured
253,postMDprotein,F,GLY,297,85,-1,169.04714694974533,114.8731964825021,76.75,,,,,,No,Favoured,Favoured,Favoured
254,postMDprotein,F,ASN,298,-82,146,166.87659685165943,105.62101014277209,68.38,-171.51344866682277,-62.36146396262534,,,,No,Favoured,Favoured,Favoured
255,postMDprotein,F,TYR,299,-119,144,-176.94083091335025,111.85989501748494,55.11,-90.69009368360624,93.80874092534845,,,,No,Favoured,Favoured,Favoured
256,postMDprotein,F,ALA,300,-110,128,156.6664171477432,104.84133825458126,46.16,,,,,,No,Favoured,Favoured,Favoured
257,postMDprotein,F,CYS,301,-128,117,169.47853191786345,112.17846958032806,38.94,-59.4020808844615,,,,,No,Favoured,Favoured,Favoured
258,postMDprotein,F,LEU,302,-90,143,161.30161596551744,105.42307606811804,45.61,-173.2219886467039,91.85373472961778,,,,No,Favoured,Favoured,Favoured
259,postMDprotein,F,LEU,303,-125,145,160.71959970412956,103.59557114461168,37.46,-132.09167547713255,158.4127603181682,,,,No,Favoured,Favoured,Favoured
260,postMDprotein,F,ARG,304,-66,173,169.09802285988388,113.90257849799144,42.46,-67.62358407363969,165.42651062086992,79.15098081970022,143.78996336024474,-18.723337725180563,No,Favoured,Favoured,Favoured
261,postMDprotein,F,GLU,305,-138,26,173.0046105169165,111.2864870027384,40.88,-89.53881121676972,-62.258280636864725,-28.705325302625784,,,No,Favoured,Favoured,Favoured
262,postMDprotein,F,ASP,306,-110,-5,-177.776762036696,109.71673900358613,38.22,66.46233505593997,125.35510388531242,,,,No,Favoured,Favoured,Favoured
263,postMDprotein,F,GLN,307,-65,158,-179.33731323082435,108.91384083570422,38.06,49.55382342494706,-74.26312803174721,-5.480829539352947,,,No,Favoured,Favoured,Favoured
264,postMDprotein,F,GLY,308,160,-164,173.0686051468474,112.89781364519428,39.15,,,,,,No,Favoured,Favoured,Favoured
265,postMDprotein,F,TRP,309,-89,133,159.05607182316785,108.81700946684649,39.56,-64.2011064766928,71.556987134176,,,,No,Favoured,Favoured,Favoured
266,postMDprotein,F,TYR,310,-111,137,165.10449233325485,106.03158420756517,27.95,-64.77361177280925,80.73791807243862,,,,No,Favoured,Favoured,Favoured
267,postMDprotein,F,CYS,311,-144,159,-174.62092809015107,106.58722670287072,40.73,-50.6586112878271,,,,,No,Favoured,Favoured,Favoured
268,postMDprotein,F,GLN,312,-80,130,173.22289061980024,109.66823206055125,43.71,-76.14820811813274,-69.71812244548805,-179.35834445666865,,,No,Favoured,Favoured,Favoured
269,postMDprotein,F,ASN,313,-96,-177,163.8599102941339,103.53415151719996,45.65,-178.1912170593993,12.784140062414592,,,,No,Favoured,Favoured,Favoured
270,postMDprotein,F,ALA,314,-69,132,169.93030739986384,107.9672118670786,47.98,,,,,,No,Favoured,Favoured,Favoured
271,postMDprotein,F,GLY,315,60,-10,174.83171185212328,118.52965962518869,45.84,,,,,,No,Allowed,Allowed,Allowed
272,postMDprotein,F,SER,316,-134,176,-177.22768937019094,112.96605895825954,53.6,54.11875232306362,,,,,No,Favoured,Favoured,Favoured
273,postMDprotein,F,THR,317,-109,157,163.65582535443662,113.95431644966159,38.32,40.740487767699,,,,,No,Favoured,Favoured,Favoured
274,postMDprotein,F,VAL,318,-139,137,-173.68915287539755,100.40674606143833,43.21,59.566063464402944,,,,,No,Favoured,Favoured,Favoured
275,postMDprotein,F,TYR,319,-119,127,-178.8101653324232,103.32508846870924,37.32,161.46502917524418,43.95869727145142,,,,No,Favoured,Favoured,Favoured
276,postMDprotein,F,TYR,320,-102,100,171.5888728762479,105.91562592621129,32.39,-64.25952067349056,-100.90461343500796,,,,No,Favoured,Favoured,Favoured
277,postMDprotein,F,PRO,321,-77,-11,175.8144811220611,111.09049241333605,43.18,36.42604266844017,-40.272082877092956,,,,No,Favoured,Favoured,Favoured
278,postMDprotein,F,ASN,322,-98,104,163.40107083157216,104.77920409219635,39.31,175.83307228298818,73.42669507174159,,,,No,Favoured,Favoured,Favoured
279,postMDprotein,F,GLU,323,-56,-9,-179.61062383419113,118.42094204273029,75.5,63.09639957011764,-91.57949770794832,88.08864659905171,,,No,Allowed,Allowed,Allowed
280,postMDprotein,F,LYS,324,-111,1,179.89395020788774,114.54927232300919,69.03,-67.71931152787828,-169.72947699304547,-162.41377340980662,176.28274642034822,,No,Favoured,Favoured,Favoured
281,postMDprotein,F,ASP,325,-64,-24,174.05427455167901,112.57981932996441,53.64,-70.30871775594545,118.64455811653728,,,,No,Favoured,Favoured,Favoured
282,postMDprotein,F,CYS,326,-93,105,-177.20579779665712,103.86257901996032,35.88,-75.51404624894523,,,,,No,Favoured,Favoured,Favoured
283,postMDprotein,F,GLU,327,-79,142,169.0816704396211,108.55050753420407,43.57,-60.98120674492104,-70.17338012863458,178.8865597876657,,,No,Favoured,Favoured,Favoured
284,postMDprotein,F,THR,328,-108,123,-176.77410149916923,112.81344361184779,45.56,57.1667366810999,,,,,No,Favoured,Favoured,Favoured
285,postMDprotein,F,ARG,329,-111,79,169.04484647912452,99.49554362604556,48.27,-61.57960982012161,-175.32447037895355,-175.64720414721484,165.55065621846472,-1.1073140498916423,No,Allowed,Allowed,Allowed
286,postMDprotein,F,GLY,330,83,-134,178.93189788158898,108.33487019687657,39.87,,,,,,No,Favoured,Favoured,Favoured
287,postMDprotein,F,ASP,331,-80,-24,174.25242504136435,108.67061002769034,52.51,64.65094495098474,-55.98358547060923,,,,No,Favoured,Favoured,Favoured
288,postMDprotein,F,HIS,332,-86,137,176.38784606668057,109.40747631312824,38.36,-169.9748396555804,-137.25934667471824,,,,No,Favoured,Favoured,Favoured
289,postMDprotein,F,VAL,333,-126,161,-167.0586730813308,108.40507873888633,39.46,178.4137296259285,,,,,No,Favoured,Favoured,Favoured
290,postMDprotein,F,PHE,334,-139,118,177.29166125029477,107.19664475008878,41.65,-158.4494241582603,109.29783781330129,,,,No,Favoured,Favoured,Favoured
291,postMDprotein,F,CYS,335,-147,161,166.43076781083982,107.13363892493392,36.52,28.705325282263054,,,,,No,Favoured,Favoured,Favoured
292,postMDprotein,F,ASP,336,-102,147,-179.51685678359297,104.45590365708189,32.25,-164.8658439728302,-63.892462812294006,,,,No,Favoured,Favoured,Favoured
293,postMDprotein,F,THR,337,-53,-38,168.05005542555753,114.54606840670519,39.03,56.27549057497455,,,,,No,Favoured,Favoured,Favoured
294,postMDprotein,F,ALA,338,-86,40,-169.8144181505164,104.58337119736082,39.36,,,,,,No,Allowed,Allowed,Allowed
295,postMDprotein,F,ALA,339,-151,8,172.60431921713553,107.19019906798249,41.33,,,,,,No,Allowed,Allowed,Allowed
296,postMDprotein,F,GLY,340,-113,163,171.88116197701922,107.97986945557389,39.92,,,,,,No,Favoured,Favoured,Favoured
297,postMDprotein,F,ILE,341,-94,138,162.83327392825893,105.30867330118542,51.5,-65.26545644126014,165.80755291288182,,,,No,Favoured,Favoured,Favoured
298,postMDprotein,F,ASN,342,-85,141,176.34587934876137,101.65850942371804,54.07,-165.67324915164832,-53.94933593451114,,,,No,Favoured,Favoured,Favoured
299,postMDprotein,F,VAL,343,-139,153,-168.7484225717434,116.63147795951961,46.53,-58.402922575594545,,,,,No,Favoured,Favoured,Favoured
300,postMDprotein,F,ALA,344,-111,177,178.8493294575363,107.7974141584277,44.99,,,,,,No,Favoured,Favoured,Favoured
301,postMDprotein,F,GLU,345,-72,-5,176.63027470898365,115.59702579475751,58.2,-51.297681344314086,-72.13792616724278,-81.24142858630088,,,No,Favoured,Favoured,Favoured
302,postMDprotein,F,GLN,346,-50,-28,161.3136183274162,111.62602270378589,52.07,-49.44191527863558,-67.11145368569544,125.47732489669603,,,No,Favoured,Favoured,Favoured
303,postMDprotein,F,SER,347,-66,-16,170.83654567755346,111.349331734471,43.37,55.862145375235336,,,,,No,Favoured,Favoured,Favoured
304,postMDprotein,F,LYS,348,-102,2,-170.7953597284793,112.79102592936303,43.94,-68.2090915033309,178.71057059794782,-179.35737773841234,173.61815316855552,,No,Favoured,Favoured,Favoured
305,postMDprotein,F,GLU,349,-80,-3,179.40275536308505,110.80559706537272,43.97,-61.99259198706778,-63.70197835132364,-103.61319347279219,,,No,Favoured,Favoured,Favoured
306,postMDprotein,F,CYS,350,-151,78,173.0535006381354,102.62581468806603,49.96,179.82747703033928,,,,,No,Allowed,Allowed,Allowed
307,postMDprotein,F,ASN,351,-166,-36,-170.99725054502971,114.00180998940404,46.05,179.29140142820006,-120.16887459535066,,,,No,Disallowed,Disallowed,Disallowed
308,postMDprotein,F,ILE,352,-98,-38,177.34862788881136,103.44568460408273,57.2,-48.00002049994749,-73.00114204949041,,,,No,Favoured,Favoured,Favoured
309,postMDprotein,F,ASN,353,-133,126,179.7712799138041,107.53424084422751,67.41,-178.8528785969709,-61.11555422461203,,,,No,Favoured,Favoured,Favoured
310,postMDprotein,F,ILE,354,-117,-29,175.01678459836413,108.11267359647064,56.37,73.4363407887174,150.76436325332858,,,,No,Favoured,Favoured,Favoured
311,postMDprotein,F,SER,355,-58,-28,-174.90397745065633,116.17809689823518,80.58,47.711766172847746,,,,,No,Favoured,Favoured,Favoured
312,postMDprotein,F,THR,356,-134,30,-177.91531602269518,110.47001899923556,83.68,58.58472980129778,,,,,No,Favoured,Favoured,Favoured
313,postMDprotein,F,THR,357,-68,149,168.60275314205398,108.72194975919328,62.43,-161.10322360058478,,,,,No,Favoured,Favoured,Favoured
314,postMDprotein,F,ASN,358,-134,21,172.52653770879928,107.24262257244642,64.06,-168.74873216114372,-1.2581232518322436,,,,No,Favoured,Favoured,Favoured
315,postMDprotein,F,TYR,359,-103,143,171.58232733453067,110.51497214745136,56.28,-160.48182847467692,96.20955314269406,,,,No,Favoured,Favoured,Favoured
316,postMDprotein,F,PRO,360,-67,139,179.75695807534171,114.00207269209115,53.57,-13.529212850276274,15.896805051974571,,,,No,Favoured,Favoured,Favoured
317,postMDprotein,F,CYS,361,-163,158,-166.17708358734308,118.80273690693501,40.57,-156.37985465644718,,,,,No,Favoured,Favoured,Favoured
318,postMDprotein,F,LYS,362,-126,154,-166.9054037610912,110.58552015097426,46.01,63.59150378505362,179.93832359519584,171.05401369983124,171.02653566945952,,No,Favoured,Favoured,Favoured
319,postMDprotein,F,VAL,363,-143,179,-170.8771216865746,109.3748948894514,40.7,-87.26617978951418,,,,,No,Allowed,Allowed,Favoured
320,postMDprotein,F,SER,364,-124,149,162.48706533282498,110.02903997423373,40.19,168.69033146340888,,,,,No,Favoured,Favoured,Favoured
321,postMDprotein,F,THR,365,-138,115,-170.83300307817848,109.68049823583559,41.96,45.22299665493071,,,,,No,Favoured,Favoured,Favoured
322,postMDprotein,F,GLY,366,-130,159,-165.2011052548842,109.02685586486902,43.7,,,,,,No,Favoured,Favoured,Favoured
323,postMDprotein,F,ARG,367,-125,20,-179.81038096000648,114.25670970525178,44.96,-58.842944723855965,-158.35924998634965,131.7933471350258,132.12091263964135,-7.674779700828173,No,Favoured,Favoured,Favoured
324,postMDprotein,F,HIS,368,-152,118,-169.15791934360828,109.73080470125419,47.86,-162.13508844563955,86.47146993548061,,,,No,Favoured,Favoured,Favoured
325,postMDprotein,F,PRO,369,-64,145,178.49119396215437,114.03117838959191,50.99,24.226824142499733,-28.46758164249055,,,,No,Favoured,Favoured,Favoured
326,postMDprotein,F,ILE,370,-118,107,172.61154857444063,106.33351087021379,53.27,-46.83797016515831,-165.41318607083358,,,,No,Favoured,Favoured,Favoured
327,postMDprotein,F,SER,371,-78,120,165.67981373924343,111.84840751204403,49.65,-61.39839476033284,,,,,No,Favoured,Favoured,Favoured
328,postMDprotein,F,MET,372,-155,148,-179.5229199952958,110.78000727303883,49.24,53.17213737804547,169.6785621585585,-74.65556794779052,,,No,Favoured,Favoured,Favoured
329,postMDprotein,F,VAL,373,-112,109,-176.71555638185785,107.91994591267236,46.5,167.91258905122515,,,,,No,Favoured,Favoured,Favoured
330,postMDprotein,F,ALA,374,-113,92,-179.4396176293206,99.95148192081703,42.56,,,,,,No,Favoured,Favoured,Favoured
331,postMDprotein,F,LEU,375,-69,157,173.57362919386037,107.06001962959228,41.16,-179.92518618747118,60.76269873989426,,,,No,Favoured,Favoured,Favoured
332,postMDprotein,F,SER,376,-144,172,170.909472531761,108.31051989322012,44.42,84.42872250645634,,,,,No,Favoured,Favoured,Favoured
333,postMDprotein,F,PRO,377,-53,-32,159.89357590056136,117.21738762093597,43.69,-26.727468441196415,32.24697963382338,,,,No,Favoured,Favoured,Favoured
334,postMDprotein,F,LEU,378,-92,-34,-169.7867196622355,109.45290466279198,44.71,-57.467036231850486,92.66943297419975,,,,No,Favoured,Favoured,Favoured
335,postMDprotein,F,GLY,379,-171,-155,-172.03391204905367,117.78515063539881,44.38,,,,,,No,Favoured,Favoured,Favoured
336,postMDprotein,F,ALA,380,-149,148,173.40828093204877,109.12808915004192,41.43,,,,,,No,Favoured,Favoured,Favoured
337,postMDprotein,F,LEU,381,-105,109,173.53976038497288,99.67006996233017,37.31,174.315491406181,69.19386499056728,,,,No,Favoured,Favoured,Favoured
338,postMDprotein,F,VAL,382,-113,104,-172.2549465565617,107.36835777153661,43.99,-61.50466240271901,,,,,No,Favoured,Favoured,Favoured
339,postMDprotein,F,ALA,383,-88,116,160.76052115701233,107.77982826670029,45.64,,,,,,No,Favoured,Favoured,Favoured
340,postMDprotein,F,CYS,384,-147,102,-177.4035205990082,106.13718174014738,46.39,-101.83056846694649,,,,,No,Favoured,Favoured,Favoured
341,postMDprotein,F,TYR,385,-92,170,176.77053988653773,112.10193194573174,56.94,-61.85827691218715,-97.77095917890453,,,,No,Favoured,Favoured,Favoured
342,postMDprotein,F,LYS,386,-59,-24,-179.33489058486302,113.6721349569667,80.19,58.12092199903498,-165.26353414036376,-168.58601906345766,-174.23620918931988,,No,Favoured,Favoured,Favoured
343,postMDprotein,F,GLY,387,-75,-7,179.69216647139467,114.09910547121271,55.56,,,,,,No,Favoured,Favoured,Favoured
344,postMDprotein,F,VAL,388,-122,162,175.10034889878546,105.85609479421557,42.8,-53.01757690200836,,,,,No,Favoured,Favoured,Favoured
345,postMDprotein,F,SER,389,-95,144,159.31037083380642,107.98478369153266,47.14,66.4975640538981,,,,,No,Favoured,Favoured,Favoured
346,postMDprotein,F,CYS,390,-167,147,-171.07860515164344,103.74125012168655,54.65,173.55887737611744,,,,,No,Favoured,Favoured,Favoured
347,postMDprotein,F,SER,391,-158,158,178.99987086842552,115.10988306509378,46.81,61.029319382852705,,,,,No,Favoured,Favoured,Favoured
348,postMDprotein,F,ILE,392,-94,136,162.43588552501865,113.8311142004973,39.91,49.80848107832111,152.71857816013625,,,,No,Favoured,Favoured,Favoured
349,postMDprotein,F,GLY,393,-129,159,-174.7445115258373,112.85763018579141,44.29,,,,,,No,Favoured,Favoured,Favoured
350,postMDprotein,F,SER,394,-150,141,-177.52644842768325,105.22128345327828,51.78,179.73529284191767,,,,,No,Favoured,Favoured,Favoured
351,postMDprotein,F,ASN,395,-75,-18,179.24647569681292,115.27840907874638,54.09,-76.47538889053494,-74.05746092566282,,,,No,Favoured,Favoured,Favoured
352,postMDprotein,F,ARG,396,-68,-41,174.3538896963967,111.0283136708712,75.87,-171.6460841988641,179.1960539074028,75.56501023965379,-103.71761214216097,-11.571472234494491,No,Favoured,Favoured,Favoured
353,postMDprotein,F,VAL,397,-134,-1,-168.73025237580384,119.47671168652549,70.8,-67.92869963542283,,,,,No,Allowed,Allowed,Favoured
354,postMDprotein,F,GLY,398,92,-145,-177.88617429938085,116.55619852557018,50.1,,,,,,No,Favoured,Favoured,Favoured
355,postMDprotein,F,ILE,399,-68,114,164.31741655524718,108.75219552768242,45.73,-58.00381101607964,177.72698857081753,,,,No,Favoured,Favoured,Favoured
356,postMDprotein,F,ILE,400,-76,-66,-175.26609831588897,105.75539082815442,44.4,-54.93408493559046,157.05724750568552,,,,No,Allowed,Allowed,Allowed
357,postMDprotein,F,LYS,401,-146,150,-169.9549031549886,111.10760275005163,50.0,-85.57295169688474,-169.17638861963712,176.03022387171055,172.91103534746188,,No,Favoured,Favoured,Favoured
358,postMDprotein,F,GLN,402,-80,153,169.3991965232868,110.9705481608067,42.26,-53.327318931945065,-41.77922488599911,-62.82915852263773,,,No,Favoured,Favoured,Favoured
359,postMDprotein,F,LEU,403,-109,117,170.09773466920635,100.11342941287559,47.99,-70.14054659013114,145.5498500052263,,,,No,Favoured,Favoured,Favoured
360,postMDprotein,F,ASN,404,-142,23,178.59962668439167,113.29441046672058,53.59,67.65126729896893,-76.75723286351442,,,,No,Favoured,Favoured,Favoured
361,postMDprotein,F,LYS,405,-133,28,-160.8048772790783,108.68965482806739,47.74,-154.17944041130815,158.10233792457893,60.329196770988965,165.6649938805372,,No,Favoured,Favoured,Favoured
362,postMDprotein,F,GLY,406,67,-123,177.21541152358566,108.3425702618193,39.88,,,,,,No,Favoured,Favoured,Favoured
363,postMDprotein,F,CYS,407,-92,140,-169.70896817564926,112.12850707295176,46.52,-175.9388386331661,,,,,No,Favoured,Favoured,Favoured
364,postMDprotein,F,SER,408,-151,163,167.80809988729064,109.84134894830932,49.15,61.56352230465026,,,,,No,Favoured,Favoured,Favoured
365,postMDprotein,F,TYR,409,-99,156,166.46970279866176,109.34659834041697,40.51,-173.37394654394797,64.40279738554797,,,,No,Favoured,Favoured,Favoured
366,postMDprotein,F,ILE,410,-138,165,162.05813455023969,112.50949356844873,44.2,69.71806166999956,148.68234745221963,,,,No,Favoured,Favoured,Favoured
367,postMDprotein,F,THR,411,-111,167,178.50126720853396,111.15695965515324,41.66,62.255271493825134,,,,,No,Favoured,Favoured,Favoured
368,postMDprotein,F,ASN,412,-61,-9,169.87772598979467,115.025964359366,44.45,73.55706186129427,27.701349584365673,,,,No,Favoured,Favoured,Favoured
369,postMDprotein,F,GLN,413,-94,-29,-177.4970652049529,108.77465912340882,53.92,-49.28418177576499,-56.21124744046247,177.14619996082266,,,No,Favoured,Favoured,Favoured
370,postMDprotein,F,ASP,414,-69,-40,-169.48255741186762,108.6880939706731,50.56,-84.12743256681591,-73.5677287379092,,,,No,Favoured,Favoured,Favoured
371,postMDprotein,F,ALA,415,-153,165,-161.92711708383297,111.3126341081776,38.55,,,,,,No,Favoured,Favoured,Favoured
372,postMDprotein,F,ASP,416,-99,-36,168.72646876009821,109.75251248246325,42.6,-47.04297985929573,159.24326569316932,,,,No,Favoured,Favoured,Favoured
373,postMDprotein,F,THR,417,-133,152,-174.20389944705764,109.85897168678673,45.17,66.03977419750143,,,,,No,Favoured,Favoured,Favoured
374,postMDprotein,F,VAL,418,-113,150,164.1398559989985,102.22942774020838,38.99,-171.89873596704177,,,,,No,Favoured,Favoured,Favoured
375,postMDprotein,F,THR,419,-145,124,175.6452091107258,108.23061344726332,41.53,-170.97299545359715,,,,,No,Favoured,Favoured,Favoured
376,postMDprotein,F,ILE,420,-116,-179,176.69626248806242,103.04180572908611,44.54,165.9378907225114,156.543676444878,,,,No,Allowed,Allowed,Favoured
377,postMDprotein,F,ASP,421,-68,0,-166.06991428421253,115.57127741383299,43.79,82.63822488516051,142.9038673993368,,,,No,Favoured,Favoured,Favoured
378,postMDprotein,F,ASN,422,-138,-13,177.05114491453688,114.3010646238585,44.96,66.40123186020753,97.45387376928238,,,,No,Allowed,Allowed,Allowed
379,postMDprotein,F,THR,423,-156,-174,-169.56549770987766,111.48476795390128,45.11,-165.20451621795948,,,,,No,Favoured,Favoured,Favoured
380,postMDprotein,F,VAL,424,-133,133,167.5132550691899,109.09805484993306,44.38,178.51835585198495,,,,,No,Favoured,Favoured,Favoured
381,postMDprotein,F,TYR,425,-113,147,171.7484688162411,110.97693082338374,42.63,-61.746565447309834,109.8314365640684,,,,No,Favoured,Favoured,Favoured
382,postMDprotein,F,GLN,426,-127,113,-165.69422535248268,116.89768901644649,42.49,-52.93498981815356,-158.6333570693511,-171.73882144929195,,,No,Favoured,Favoured,Favoured
383,postMDprotein,F,LEU,427,-75,128,-173.43573587326009,111.64513469551038,39.52,-55.36810729333389,167.31444439263186,,,,No,Favoured,Favoured,Favoured
384,postMDprotein,F,SER,428,-92,132,-179.7577313586074,105.17982923511143,48.14,-169.9061576339393,,,,,No,Favoured,Favoured,Favoured
385,postMDprotein,F,LYS,429,-103,74,-165.8897472427474,109.66359445441826,49.4,-70.75155785037761,178.56291717541544,-168.87802743961592,-176.68447912716485,,No,Allowed,Allowed,Allowed
386,postMDprotein,F,VAL,430,-112,160,175.92101721283515,107.61016652496065,48.36,-61.40692136758531,,,,,No,Favoured,Favoured,Favoured
387,postMDprotein,F,GLU,431,-94,116,-179.52423197054918,106.86820577805327,70.1,-69.2016658272322,73.39888216913458,-112.78521550340965,,,No,Favoured,Favoured,Favoured
388,postMDprotein,F,GLY,432,-128,160,167.4512796808335,108.50289909147526,40.5,,,,,,No,Favoured,Favoured,Favoured
389,postMDprotein,F,GLU,433,-73,123,179.71461168966505,104.88255893705639,50.77,179.61422902658285,66.45332609923494,-67.62259166783718,,,No,Favoured,Favoured,Favoured
390,postMDprotein,F,GLN,434,-107,136,175.18814593199076,107.78172724015985,47.87,-69.92000125426074,-66.53271262608935,-176.36794063650746,,,No,Favoured,Favoured,Favoured
391,postMDprotein,F,HIS,435,-134,140,171.55581451372927,111.8583137290132,50.99,-174.26014663060815,-175.78172561874692,,,,No,Favoured,Favoured,Favoured
392,postMDprotein,F,VAL,436,-127,132,170.3773986659126,102.00503324229877,51.95,-174.08427294426045,,,,,No,Favoured,Favoured,Favoured
393,postMDprotein,F,ILE,437,-112,142,172.1846757887902,107.81553485610046,58.82,-71.99924891717478,136.13145749193043,,,,No,Favoured,Favoured,Favoured
394,postMDprotein,F,LYS,438,-121,-161,174.9788236814429,108.10271805340918,54.77,-73.58466653907534,174.54456411082597,170.33831204542264,-178.70026619325307,,No,Allowed,Allowed,Allowed
395,postMDprotein,F,GLY,439,162,-169,177.357840959849,111.99426760854453,53.28,,,,,,No,Favoured,Favoured,Favoured
396,postMDprotein,F,ARG,440,-67,114,175.0315546362248,104.27027118553342,55.15,-61.76568299260998,170.7405176369625,176.0683237342813,-177.07842476169557,-15.284133613049683,No,Favoured,Favoured,Favoured
397,postMDprotein,F,PRO,441,-78,112,-170.9746532012323,109.27161991278726,51.4,31.411224126091888,-38.32188866363822,,,,No,Favoured,Favoured,Favoured
398,postMDprotein,F,VAL,442,-60,-26,-168.09104504572568,111.99100174263242,50.87,-60.51739903906777,,,,,No,Favoured,Favoured,Favoured
399,postMDprotein,F,SER,443,-58,-29,166.81356195970005,116.55079048328403,52.61,47.31280982409705,,,,,No,Favoured,Favoured,Favoured
400,postMDprotein,F,SER,444,-81,-24,174.25022047211326,114.21205516168662,63.47,175.49427107901724,,,,,No,Favoured,Favoured,Favoured
401,postMDprotein,F,SER,445,-80,-15,-170.5332574201082,112.57248770345034,66.58,-46.66633754465423,,,,,No,Favoured,Favoured,Favoured
402,postMDprotein,F,PHE,446,-136,172,-175.83022057130037,106.58556686749529,51.13,58.07380734837392,63.675751709989946,,,,No,Favoured,Favoured,Favoured
403,postMDprotein,F,ASP,447,-158,167,-172.3282870780237,108.38429377923525,66.89,74.12274520465108,55.4118663813535,,,,No,Favoured,Favoured,Favoured
404,postMDprotein,F,PRO,448,-51,-33,-176.39645300915836,118.00588164973176,67.15,-26.700169117072623,31.491189799278477,,,,No,Favoured,Favoured,Favoured
405,postMDprotein,F,VAL,449,-90,-45,-178.63381644304337,114.35781069968431,71.7,177.97616822594586,,,,,No,Favoured,Favoured,Favoured
406,postMDprotein,F,LYS,450,-78,56,176.30336365534754,111.438353599764,77.28,-162.27343308833815,175.40270329548778,167.9416503324033,167.2082486341183,,No,Favoured,Favoured,Favoured
407,postMDprotein,F,PHE,451,-152,162,-171.34829743418376,104.29726785217531,65.52,-149.98808908915154,50.93848844346925,,,,No,Favoured,Favoured,Favoured
408,postMDprotein,F,PRO,452,-77,-148,173.27491880361424,114.68839404699705,60.25,22.49590433540755,-24.019633834662557,,,,No,Disallowed,Disallowed,Disallowed
409,postMDprotein,F,GLU,453,-97,138,161.95051388921286,105.12892279181462,55.62,-171.47899989997543,60.88698977878096,-137.64804236748873,,,No,Favoured,Favoured,Favoured
410,postMDprotein,F,ASP,454,-58,142,-175.4489172175602,113.13800989479007,53.4,90.2065841507357,-90.38298578196502,,,,No,Favoured,Favoured,Favoured
411,postMDprotein,F,GLN,455,-162,138,-174.04891135785644,104.41859802447419,45.27,-158.03019611772388,55.38017083810638,-60.80037795584964,,,No,Favoured,Favoured,Favoured
412,postMDprotein,F,PHE,456,-55,-42,171.48318988501293,116.59926973117348,42.06,62.568409291454664,104.80360803374812,,,,No,Favoured,Favoured,Favoured
413,postMDprotein,F,ASN,457,-148,114,-177.19133764485926,115.14222074593701,41.33,-166.75635699112053,-76.44941546742481,,,,No,Favoured,Favoured,Favoured
414,postMDprotein,F,VAL,458,-142,161,-169.10102335778006,110.24787608954627,42.83,-83.4337682319646,,,,,No,Favoured,Favoured,Favoured
415,postMDprotein,F,ALA,459,-81,131,-176.88693659366643,109.55145809349044,37.28,,,,,,No,Favoured,Favoured,Favoured
416,postMDprotein,F,LEU,460,-49,-41,-174.53822865164946,115.5293179181249,43.93,179.67948339378023,148.37842665210187,,,,No,Favoured,Favoured,Favoured
417,postMDprotein,F,ASP,461,-87,-4,-168.01286947782904,110.40692628334541,46.9,87.23574724779407,-83.96035063057609,,,,No,Favoured,Favoured,Favoured
418,postMDprotein,F,GLN,462,-95,-45,163.85165914818947,110.42184638094426,54.92,-65.40310022328934,176.87193607161328,-175.61508046334706,,,No,Favoured,Favoured,Favoured
419,postMDprotein,F,VAL,463,-53,-39,168.86775634280144,112.07833359921133,45.11,176.53193241213629,,,,,No,Favoured,Favoured,Favoured
420,postMDprotein,F,PHE,464,-90,-15,-172.63362954527113,113.84959643640298,56.51,-71.52429966433887,-141.06098515753757,,,,No,Favoured,Favoured,Favoured
421,postMDprotein,F,GLU,465,-86,-32,168.16170878100039,106.92574033494911,58.54,170.81266959472256,75.59233402900414,27.963043310584528,,,No,Favoured,Favoured,Favoured
422,postMDprotein,F,SER,466,-80,-10,179.8078383515248,110.55591278425068,62.05,-47.78914852775517,,,,,No,Favoured,Favoured,Favoured
423,postMDprotein,F,ILE,467,-84,-84,157.72429860029945,103.5556163685915,65.63,-68.7537221625896,162.87118426469794,,,,No,Allowed,Allowed,Allowed
424,postMDprotein,F,GLU,468,-92,84,-168.03093836408536,109.86704408028054,85.14,-154.49250299799772,47.856948325731224,74.02126931791602,,,No,Favoured,Favoured,Favoured
425,postMDprotein,F,ASN,469,-75,136,-173.09926922805872,106.7158616563305,101.78,172.52073588287868,-76.70838361863831,,,,No,Favoured,Favoured,Favoured
426,postMDprotein,F,SER,470,-68,-33,-170.6114592104259,111.64174582819716,105.95,53.63252586748949,,,,,No,Favoured,Favoured,Favoured
427,postMDprotein,F,GLN,471,-93,-3,179.3761597419807,109.16960279042222,124.07,-56.546758264596576,-70.56595670915026,177.09685099243555,,,No,Favoured,Favoured,Favoured
