Frame,Time (ns),(+)-Gallocatechin-(4??8)-(+)-catechin,Prodelphinidin A2 3'-gallate,Proanthocyanidin A-6
1,0,0.044582522,0.041346251,0.07381477
2,0.1,2.102163625,2.250539798,1.195669163
3,0.2,2.227066935,3.16203472,1.640735351
4,0.3,2.326979523,2.417479492,2.231676915
5,0.4,1.941462063,2.67169701,2.414721449
6,0.5,2.942962194,2.839771287,1.727022627
7,0.6,3.336374934,2.434292456,1.651065406
8,0.7,3.032653986,2.914622769,2.183759816
9,0.8,2.335050416,2.750036382,1.986427013
10,0.9,3.169631831,3.116685665,2.268858572
11,1,2.60194356,3.527136393,2.62216501
12,1.1,3.524430578,2.707210463,3.049347567
13,1.2,1.998563572,2.941191588,2.755692252
14,1.3,2.032680852,3.796878404,3.63535316
15,1.4,2.478087574,4.39103411,3.08732111
16,1.5,2.437195155,3.628173295,2.68788684
17,1.6,3.249952252,3.077247664,2.732452003
18,1.7,3.98245221,2.745892567,3.047488438
19,1.8,2.624797942,2.914309348,2.152005279
20,1.9,3.304063132,2.645239067,2.464113783
21,2,2.890591125,2.744521415,3.694237533
22,2.1,3.436798825,3.812449885,2.208553822
23,2.2,2.792335333,2.706163243,3.511555018
24,2.3,3.146259384,2.911654102,2.969230651
25,2.4,3.353268023,2.921912362,3.461880525
26,2.5001,3.868915903,2.790158757,3.261753248
27,2.6001,4.072238058,2.715818365,4.808268345
28,2.7001,2.936317751,3.12977058,4.321195344
29,2.8001,2.529626629,3.020470292,3.933533407
30,2.9001,3.265248968,3.123603138,3.474804124
31,3.0001,3.052861706,3.09189205,2.594615211
32,3.1001,2.859054938,3.539142147,4.511674567
33,3.2001,2.859812292,2.830040355,2.843627183
34,3.3001,4.446416684,3.243175583,3.333655857
35,3.4001,4.02065063,2.907300207,2.628115113
36,3.5001,3.459576705,2.848964126,6.175587231
37,3.6001,3.563954886,2.596741309,4.032655245
38,3.7001,3.238003351,3.213396543,5.487390333
39,3.8001,2.946505524,2.778025684,3.452590919
40,3.9001,5.122010005,4.288474235,4.298049878
41,4.0001,4.98069373,3.391142424,4.840537897
42,4.1001,3.887578231,3.331646843,4.766955202
43,4.2001,3.7042498,3.130885736,3.130686196
44,4.3001,5.120712756,2.872828657,2.73160117
45,4.4001,4.364619169,2.54549018,1.972641178
46,4.5001,4.173252265,3.341087771,1.979872126
47,4.6001,4.618752783,3.800329631,2.308341756
48,4.7001,5.15424659,2.674772383,3.495487083
49,4.8001,4.708092606,3.200712751,3.564726054
50,4.9001,5.164403837,2.46678637,3.830793379
51,5.0001,4.61196041,2.908515447,2.582389338
52,5.1001,4.993541868,3.695762914,1.782407418
53,5.2001,4.750999148,3.309666426,2.200984294
54,5.3001,4.938343392,3.647680243,2.370772535
55,5.4001,5.043885209,5.585148,2.284847641
56,5.5001,6.04512537,3.864843712,2.372773987
57,5.6001,5.37770697,3.652288428,2.316825541
58,5.7001,5.034088654,4.538877159,3.305139274
59,5.8001,5.682637918,4.884624622,2.834179673
60,5.9001,5.222124922,4.627862103,1.484700117
61,6.0001,5.919176896,3.955684588,2.417036983
62,6.1001,6.665308363,5.344335902,2.194911342
63,6.2001,4.861939271,4.126516421,2.563464397
64,6.3001,5.147093646,3.604845436,2.022056713
65,6.4001,6.495116233,3.425552341,2.060146946
66,6.5001,5.96301042,3.615953712,2.180014359
67,6.6001,6.65434487,3.817194225,1.551480484
68,6.7001,6.321540992,3.908967995,1.641424657
69,6.8001,4.763865316,4.185136678,3.240747614
70,6.9001,4.916143528,4.171929695,1.975342254
71,7.0001,5.607566073,4.104601644,2.72281075
72,7.1001,4.848492905,4.422785264,1.508555669
73,7.2001,5.247844123,4.792588626,2.056023478
74,7.3001,5.295282974,3.811696728,3.76865735
75,7.4001,4.53897809,3.088118168,1.898100246
76,7.5002,4.39367954,3.159596161,1.885258729
77,7.6002,4.330852382,3.238255866,1.583853778
78,7.7002,4.453501568,4.539997916,3.570438967
79,7.8002,4.642383182,3.372747497,1.923374258
80,7.9002,4.184041379,3.667160861,3.312458314
81,8.0002,5.289289399,4.066399347,2.891512393
82,8.1002,5.271956101,3.698500545,2.099683767
83,8.2002,5.428692909,3.55808661,2.130451286
84,8.3002,5.769091786,4.246041557,4.150162624
85,8.4002,5.439614773,3.922279951,3.574422496
86,8.5002,5.497599455,4.042754173,1.885810833
87,8.6002,4.943689631,3.307139131,2.526356286
88,8.7002,5.060131452,3.806946763,2.875930379
89,8.8002,5.558509361,3.545453286,2.919207131
90,8.9002,5.563587616,3.258877374,2.568175724
91,9.0002,5.480423188,3.535540031,2.133509854
92,9.1002,4.84890794,3.760673307,2.40711963
93,9.2002,5.665656464,3.615020981,4.352238495
94,9.3002,5.157146955,3.193912088,3.297396351
95,9.4002,4.307310313,2.893212171,2.918779477
96,9.5002,4.731022817,3.484816466,2.716962182
97,9.6002,4.519571306,3.401668452,3.691101581
98,9.7002,5.420793976,3.370424707,3.741280282
99,9.8002,5.723335076,3.380277856,1.828690348
100,9.9002,4.829572169,3.627771973,3.020677913
101,10.0002,4.048003398,3.225141135,2.339578676
102,10.1002,4.455218239,3.564880909,2.731888328
103,10.2002,4.685453371,3.230218164,1.424306221
104,10.3002,4.132261863,4.000772932,2.438504238
105,10.4002,4.688790511,3.626223232,1.787481304
106,10.5002,4.320896246,4.156536609,3.182868564
107,10.6002,4.880610322,3.926983914,2.900639547
108,10.7002,4.791162342,3.839028973,2.49109266
109,10.8002,4.65415595,4.880998395,3.098630693
110,10.9002,4.735248671,4.409067374,4.385045847
111,11.0002,4.385317498,3.883743981,3.510482228
112,11.1002,4.134912447,4.855309088,3.698514737
113,11.2002,4.629882526,3.975461056,4.339581389
114,11.3002,4.324675383,5.789049014,3.979910006
115,11.4002,4.345778069,5.586613438,2.915275615
116,11.5002,4.674700983,5.676232171,3.229077942
117,11.6002,4.609091141,5.236033789,4.577234843
118,11.7002,4.247946044,4.130904018,4.497016582
119,11.8002,4.554924013,4.916049304,3.685221047
120,11.9002,4.481080285,3.965939959,3.097421001
121,12.0002,4.898528985,4.049438449,3.453503478
122,12.1002,4.745227356,4.854086189,3.072550072
123,12.2002,4.5875908,4.497121405,4.481797789
124,12.3002,5.260116259,3.679602339,4.612174152
125,12.4002,4.792421846,4.5145872,4.179662393
126,12.5002,5.080323131,4.679098992,4.0183996
127,12.6003,5.411126769,5.195789791,3.938777617
128,12.7003,4.951021221,4.671759817,3.857646936
129,12.8003,5.178599303,4.321326518,4.566146982
130,12.9003,4.926963536,4.565807122,4.289690563
131,13.0003,5.631182814,4.24689758,3.342379013
132,13.1003,6.011167504,5.065444323,3.374342423
133,13.2003,5.079580218,4.288989522,3.689022809
134,13.3003,5.02230478,4.203315208,3.347145788
135,13.4003,5.155805354,3.786643077,3.037266147
136,13.5003,4.840048468,3.827782337,2.836917863
137,13.6003,5.104906026,4.219381282,3.640279495
138,13.7003,5.414446711,4.613881356,3.155419921
139,13.8003,4.464025098,4.162093163,2.628057147
140,13.9003,5.08120094,3.992873572,3.107093502
141,14.0003,4.727915497,4.149850623,3.384704803
142,14.1003,4.99741963,6.51937633,3.875836553
143,14.2003,4.754935403,6.267923258,4.773307162
144,14.3003,4.990717432,4.716979934,5.057668675
145,14.4003,4.406656566,4.057629715,3.164830496
146,14.5003,4.100495727,5.219335032,4.664122744
147,14.6003,4.26635116,4.685471283,5.265217777
148,14.7003,4.933527661,5.750748298,4.971354039
149,14.8003,4.491170307,6.23999108,3.650012708
150,14.9003,4.552004089,4.612622381,4.530714453
151,15.0003,6.464842834,4.077202981,3.777698108
152,15.1003,5.531272244,3.74199653,5.891308185
153,15.2003,4.667357581,4.912908523,6.943069804
154,15.3003,4.659578888,3.640678318,6.136327884
155,15.4003,4.839585871,4.708954242,4.674664562
156,15.5003,5.35039426,4.719589125,5.141743597
157,15.6003,4.886914967,4.055998685,4.970030876
158,15.7003,4.333795115,4.132354099,5.912176333
159,15.8003,5.208135181,3.968458198,5.808263307
160,15.9003,3.972382305,4.681885613,3.800145275
161,16.0003,4.129636537,4.295972729,5.615033146
162,16.1003,4.433755164,4.452395933,4.087008715
163,16.2003,4.334559293,4.049790103,6.506215876
164,16.3003,4.462572444,4.853158264,3.92324416
165,16.4003,4.274825582,5.196173306,4.314150837
166,16.5003,5.085200665,5.487953629,4.053014885
167,16.6003,4.41938623,5.786714018,3.205515094
168,16.7003,5.340946083,5.126522882,3.518221756
169,16.8003,4.833107468,6.280632208,4.103564338
170,16.9003,4.94656662,4.095522324,4.966117925
171,17.0003,5.736521297,4.468449154,3.521813053
172,17.1003,4.750406609,4.107336952,3.22271579
173,17.2003,4.773115598,3.849531406,3.416251269
174,17.3003,3.673662879,3.794755048,4.731281811
175,17.4003,4.901924053,4.249308002,4.758392738
176,17.5004,3.746168287,3.382245092,4.004463877
177,17.6004,4.07407991,3.765348954,3.239542768
178,17.7004,6.81694546,3.42274775,3.980402638
179,17.8004,4.462947789,3.929023462,3.324972041
180,17.9004,4.934803026,3.810926411,3.777029675
181,18.0004,4.464319143,4.458649652,5.058442768
182,18.1004,3.879988964,4.991642854,3.196187391
183,18.2004,4.118850578,3.968255816,3.249372955
184,18.3004,3.996773139,4.161167989,3.70910231
185,18.4004,4.278222437,5.209946486,6.299253525
186,18.5004,4.742827392,4.355089669,5.382354896
187,18.6004,5.255695127,4.285722397,6.036158349
188,18.7004,5.744398726,4.652650448,6.293760835
189,18.8004,5.03546466,4.063634723,4.692283418
190,18.9004,3.934369204,3.696159078,4.979048902
191,19.0004,5.69819327,4.71525219,6.118995932
192,19.1004,4.122157681,3.963652233,5.091727583
193,19.2004,3.953286644,3.325799114,5.318270147
194,19.3004,4.181648762,4.820954436,5.457130476
195,19.4004,3.854527607,4.011888304,5.053357038
196,19.5004,5.711120196,3.952884957,4.76135469
197,19.6004,5.930369823,3.363640186,6.700257076
198,19.7004,6.213851002,4.01330585,7.019066978
199,19.8004,4.963540563,4.074445565,4.690840976
200,19.9004,4.934436576,4.734623967,3.699988486
201,20.0004,4.595068977,4.251874915,3.44568994
202,20.1004,4.306051391,5.035319946,3.119630283
203,20.2004,4.334424717,3.192037048,3.652717303
204,20.3004,4.572813014,3.404167246,3.271066148
205,20.4004,4.571487292,2.770695457,3.465151855
206,20.5004,4.861028223,2.939338058,3.823223367
207,20.6004,4.410180216,3.248575259,3.236141466
208,20.7004,4.077733809,3.540137347,2.985224769
209,20.8004,4.85137615,3.400756626,2.937280119
210,20.9004,4.278815806,3.545886586,3.006783691
211,21.0004,4.142537922,3.553857461,3.234210037
212,21.1004,4.090361841,3.18260251,3.797529936
213,21.2004,4.395617179,3.363287686,4.778557686
214,21.3004,4.531252577,3.059699744,3.012775728
215,21.4004,4.45015454,3.802722045,3.530323547
216,21.5004,4.811830642,3.381492846,4.252664213
217,21.6004,4.472225958,3.054895078,4.538272099
218,21.7004,4.539919649,3.433390867,3.214002737
219,21.8004,4.087849196,3.908911842,2.842897472
220,21.9004,4.052847962,4.124509909,3.748513008
221,22.0004,4.305021316,3.322482285,4.568844689
222,22.1004,4.108927812,3.465973808,5.506670896
223,22.2004,4.628807555,2.991240228,5.983739086
224,22.3004,4.343240871,4.062354981,4.515441393
225,22.4004,3.90372988,3.342063516,3.78346048
226,22.5005,4.788432313,2.67061419,4.659460211
227,22.6005,4.542248595,4.02946737,4.02357041
228,22.7005,3.829555811,4.577647277,2.326641773
229,22.8005,4.155362913,4.362943878,2.578476829
230,22.9005,5.164796301,3.215606232,3.182217938
231,23.0005,4.295449294,4.732958463,4.127387843
232,23.1005,4.757898074,4.576188126,2.723728396
233,23.2005,3.755753907,4.550728509,3.008978176
234,23.3005,4.374973173,3.355812442,2.761660214
235,23.4005,4.54274861,4.353653817,2.307287531
236,23.5005,4.248533314,3.719322732,2.633287781
237,23.6005,3.972069952,4.475969445,3.776192872
238,23.7005,5.522129346,4.439231162,3.559839886
239,23.8005,4.965196017,3.881295511,4.58711021
240,23.9005,4.371152885,3.498612271,2.891085461
241,24.0005,3.761323351,3.852221265,2.848111125
242,24.1005,4.886617921,3.73334997,3.022759845
243,24.2005,4.492695544,3.883049104,3.141950078
244,24.3005,4.091006002,4.188372938,3.230893925
245,24.4005,4.242684851,3.583231284,3.629445765
246,24.5005,4.429052411,3.709415642,3.117045455
247,24.6005,4.050701708,3.928250448,2.885622414
248,24.7005,4.193286388,4.298882608,2.560226775
249,24.8005,4.096837262,4.034348816,2.735877034
250,24.9005,4.315956487,4.200823738,3.537897207
251,25.0005,5.242634499,4.627573134,3.617387949
252,25.1005,4.660580203,3.512535402,3.253228335
253,25.2005,4.179687583,2.621222642,3.649903769
254,25.3005,4.282015534,5.406062174,3.238955651
255,25.4005,4.301302569,4.494256712,4.174829346
256,25.5005,4.492815459,3.910354317,2.693281311
257,25.6005,4.055385037,3.349091308,2.830867153
258,25.7005,4.76739525,3.212884915,2.951527807
259,25.8005,4.564912036,3.398569983,2.906415231
260,25.9005,4.748516588,3.449400218,3.156901282
261,26.0005,4.434334385,3.709853936,2.722272394
262,26.1005,4.248208733,3.334416205,2.961299306
263,26.2005,4.380309677,3.186288875,2.752740609
264,26.3005,4.595754759,3.481555051,2.598324891
265,26.4005,4.380083092,3.150596786,3.141794194
266,26.5005,4.628007327,3.343633085,3.269078807
267,26.6005,4.245378833,4.907221804,2.703788105
268,26.7005,4.033261651,5.391551899,2.809666899
269,26.8005,5.058071565,4.556928503,4.011332081
270,26.9005,4.315604354,4.407358822,3.116392591
271,27.0005,3.822279959,4.623955078,3.508226146
272,27.1005,4.193201874,4.903898311,3.044455761
273,27.2005,4.723969298,4.726655826,3.763426191
274,27.3005,4.960294992,4.400516748,3.030452074
275,27.4005,4.210884564,4.504906485,3.431831604
276,27.5006,4.536013006,4.14815091,2.697510449
277,27.6006,4.576904128,3.622749028,3.163594023
278,27.7006,3.625114886,3.626870928,2.943069815
279,27.8006,4.391882505,4.066301464,3.193439566
280,27.9006,3.902171402,3.657956529,3.022586066
281,28.0006,3.861742632,3.704348955,3.08790127
282,28.1006,5.101658515,3.442095997,2.969243321
283,28.2006,4.145397478,3.109897724,4.638860632
284,28.3006,5.310097125,3.814290128,3.470877273
285,28.4006,5.199377183,3.539422865,2.852061328
286,28.5006,4.593976577,3.765800885,2.771518116
287,28.6006,4.613636359,3.30357052,2.842783441
288,28.7006,4.339039503,4.891019013,2.664200854
289,28.8006,4.294240398,4.102800293,2.662679433
290,28.9006,3.707336285,4.380871378,3.207432936
291,29.0006,3.882734021,4.477023288,3.121236276
292,29.1006,3.85243959,3.192581914,3.347073141
293,29.2006,4.423973567,3.6163586,5.068387721
294,29.3006,4.709504592,4.070815474,5.444357259
295,29.4006,4.339126774,3.919913485,4.897195884
296,29.5006,4.207588627,4.105081926,4.781260077
297,29.6006,3.993464506,4.178738152,4.217150571
298,29.7006,4.425515654,5.350726905,2.5526792
299,29.8006,4.376005211,5.527730092,2.702546825
300,29.9006,4.543558766,4.956941749,3.45880214
301,30.0006,5.54268128,4.62903766,3.854772359
302,30.1006,5.232791091,4.532819184,4.635900257
303,30.2006,4.999207594,5.094121417,4.779717961
304,30.3006,5.172497607,3.742737123,4.064482967
305,30.4006,5.31230266,4.493934685,5.028317322
306,30.5006,4.883652768,4.184111579,3.613134332
307,30.6006,4.586884727,6.376207629,2.358971313
308,30.7006,4.836861897,6.087161679,2.83172597
309,30.8006,5.176774,6.934823296,2.853590957
310,30.9006,3.696093335,6.406897627,3.268762979
311,31.0006,4.344913582,5.246647687,2.951007963
312,31.1006,4.178473501,4.702459347,4.747844447
313,31.2006,4.747973467,4.635578177,3.057775842
314,31.3006,4.893935167,4.123703257,3.633530666
315,31.4006,4.201685012,4.479386956,3.939378559
316,31.5006,4.714100635,4.606684914,3.059285366
317,31.6006,4.938686756,4.772591161,3.202238636
318,31.7006,5.510296533,4.881367754,3.438179124
319,31.8006,5.211346025,4.512330718,2.573149828
320,31.9006,4.770848953,4.470737498,3.593223946
321,32.0006,4.241742575,5.082583121,3.275860052
322,32.1006,4.764251152,4.696180558,3.617432531
323,32.2006,4.86089544,5.791098299,4.902082277
324,32.3006,5.760816899,5.000266146,6.162109482
325,32.4006,5.19408758,4.508239855,2.798899552
326,32.5007,4.642884236,5.466847236,4.559899185
327,32.6007,4.814141255,5.335905159,2.371162656
328,32.7007,4.900854605,5.140953839,3.079885443
329,32.8007,5.257800109,5.270152471,2.779513923
330,32.9007,5.239233211,4.880303998,4.258303353
331,33.0007,4.757227814,5.499861857,2.645131456
332,33.1007,5.002134518,4.450312555,2.757100359
333,33.2007,4.731946863,5.07846325,2.687393544
334,33.3007,5.549714452,4.907938306,3.250705962
335,33.4007,5.783940407,4.579318234,3.048219959
336,33.5007,4.985392417,6.107774181,3.739277882
337,33.6007,6.482821466,5.135927789,3.279093183
338,33.7007,4.601333506,4.539065865,3.275916647
339,33.8007,5.476962279,4.571463781,2.495739684
340,33.9007,5.317589584,4.522043503,2.25520993
341,34.0007,6.041345991,5.077598726,2.896940593
342,34.1007,5.619316855,4.992744159,2.584545947
343,34.2007,5.002263591,5.203657188,2.266282597
344,34.3007,4.139641394,6.015664189,2.738911221
345,34.4007,5.058571626,5.251961881,2.964647716
346,34.5007,5.408827159,4.609553962,2.969047171
347,34.6007,5.083924452,5.346575681,2.64969735
348,34.7007,5.662095579,6.37348887,2.572849017
349,34.8007,5.187165048,5.774540848,2.406528863
350,34.9007,7.099563016,5.457090943,2.449956182
351,35.0007,5.161052389,5.403126111,2.883010477
352,35.1007,5.061350114,5.336451645,2.488107261
353,35.2007,5.767245669,5.065209204,2.570837656
354,35.3007,6.206921523,5.604328182,2.371861013
355,35.4007,5.253771581,5.727123704,2.645726659
356,35.5007,6.129556919,6.500456404,2.513452959
357,35.6007,6.264021356,6.109455406,2.443789875
358,35.7007,5.63978347,4.734626684,2.36277471
359,35.8007,4.921238997,4.443645909,2.434753192
360,35.9007,4.784606861,4.343727701,2.998752778
361,36.0007,9.617728282,4.553505605,3.610766661
362,36.1007,6.757452745,4.650680052,2.723260313
363,36.2007,5.549611945,4.328924728,3.070520654
364,36.3007,5.013981775,5.825109892,2.29407245
365,36.4007,4.795006085,4.542731198,2.457620423
366,36.5007,5.294203957,4.138073256,2.687691548
367,36.6007,5.378121067,5.221690249,2.529623108
368,36.7007,4.924142259,5.10193503,2.488291688
369,36.8007,5.587214195,5.918570864,2.907190143
370,36.9007,5.782003642,4.383102998,2.87059841
371,37.0007,5.023566502,4.804986187,2.748605516
372,37.1007,4.916498695,5.012441724,3.096882768
373,37.2007,4.889382134,4.724844553,3.945450427
374,37.3007,5.392577018,4.431192587,2.913381745
375,37.4007,4.816202975,5.091087408,2.57513261
376,37.5007,7.292451498,4.387602313,2.18552528
377,37.6008,5.0705133,5.682875006,2.547982
378,37.7008,5.550941667,4.179598396,2.859945106
379,37.8008,6.265219677,4.720144882,2.994579449
380,37.9008,6.566364772,4.264721959,3.701732054
381,38.0008,5.523384874,4.094193569,2.435788423
382,38.1008,5.152041628,3.807620091,2.99644085
383,38.2008,5.891227957,3.770473053,2.636327852
384,38.3008,5.791470978,4.126587629,2.354725337
385,38.4008,5.18914058,5.347419019,2.714439249
386,38.5008,6.955930054,4.24901295,2.522151704
387,38.6008,6.623285127,3.79507551,2.496098894
388,38.7008,6.159625157,4.299825279,3.087528479
389,38.8008,6.867860855,4.782567102,3.092584457
390,38.9008,6.347329118,4.634899109,2.975140276
391,39.0008,5.969661077,3.864353303,2.568559686
392,39.1008,5.808469257,5.600056656,3.313101505
393,39.2008,6.046090613,4.574145056,2.265905502
394,39.3008,6.35928937,3.690272499,2.86314394
395,39.4008,5.249209016,4.083921919,2.633073955
396,39.5008,6.181350846,3.761405608,2.601439924
397,39.6008,5.800152452,3.782890227,2.706195874
398,39.7008,4.954088665,4.926585899,2.869236999
399,39.8008,5.112994592,5.936827315,2.468399466
400,39.9008,5.621920488,4.389054207,2.398474302
401,40.0008,5.466945525,4.297511467,3.280644901
402,40.1008,5.894723668,4.976772684,3.120048116
403,40.2008,5.564020482,5.926080656,2.385209654
404,40.3008,5.142056313,3.565076778,2.28943186
405,40.4008,4.775581549,4.081774979,2.904968053
406,40.5008,5.815772064,3.666241998,2.659536632
407,40.6008,7.416087693,4.071794965,2.512990921
408,40.7008,5.516905806,4.559182256,3.241931059
409,40.8008,5.438625988,4.639706032,2.263656818
410,40.9008,6.428329505,4.638938591,2.264076383
411,41.0008,6.215568554,4.249483524,2.628506288
412,41.1008,6.301177726,4.503219331,2.719785781
413,41.2008,5.140241628,4.19232765,2.447122244
414,41.3008,5.810377751,4.562112714,3.446121869
415,41.4008,5.74923583,4.288990583,2.292412647
416,41.5008,6.010954801,4.765135817,2.763200129
417,41.6008,5.304017218,3.157162461,2.335943452
418,41.7008,4.97346553,4.239318035,3.119208379
419,41.8008,5.2541736,4.262456258,3.066806986
420,41.9008,5.672473784,4.499646039,3.573616495
421,42.0008,5.33421894,5.605517359,3.717839663
422,42.1008,5.281656286,5.346200143,2.561636787
423,42.2008,6.414825825,5.137786641,4.636870372
424,42.3008,5.705596274,4.423984487,3.055443227
425,42.4008,6.00160634,3.510725659,2.388370363
426,42.5008,6.084806267,4.292606664,3.893118374
427,42.6009,5.790529732,3.855082379,3.156637837
428,42.7009,5.300155788,5.404131842,4.629926102
429,42.8009,6.162791533,4.604133479,3.256621961
430,42.9009,6.287124696,4.582627239,6.650148611
431,43.0009,6.384960285,5.16025276,4.309611389
432,43.1009,5.786959623,4.657080373,4.150102512
433,43.2009,5.191497173,5.544868803,3.021722521
434,43.3009,6.043675511,5.101267203,4.269750366
435,43.4009,6.129985879,5.204968736,3.713451434
436,43.5009,6.580513595,4.598809092,2.818481392
437,43.6009,6.623930025,8.388825082,2.409615085
438,43.7009,5.622482371,5.751590584,3.099268962
439,43.8009,5.793489822,6.06264017,3.858265424
440,43.9009,6.385319409,4.828224614,2.665955191
441,44.0009,5.730671602,4.209833978,4.090439355
442,44.1009,6.549156173,4.496139123,2.180168487
443,44.2009,7.651354517,5.426044887,2.140809453
444,44.3009,6.827921019,4.905832719,2.336018417
445,44.4009,8.242238058,5.754346764,2.194509982
446,44.5009,5.871297598,4.998829249,3.333289661
447,44.6009,7.10847331,5.022599634,4.554031734
448,44.7009,6.560037945,5.13619719,5.442303409
449,44.8009,8.76103518,5.118915936,4.015390172
450,44.9009,9.462742431,5.731015524,3.737719813
451,45.0009,7.861380116,6.012145536,2.451146837
452,45.1009,7.086207323,12.17083039,3.122026119
453,45.2009,6.632090918,5.456734367,3.185172067
454,45.3009,6.827271331,4.932675262,1.968388468
455,45.4009,7.58589527,5.535567245,2.994904791
456,45.5009,6.9670273,4.430069238,3.341899161
457,45.6009,6.494116478,5.943071996,2.706337582
458,45.7009,6.972625303,6.137999775,1.980598184
459,45.8009,8.945437709,4.589625894,3.880747555
460,45.9009,6.77554506,5.318826121,2.121741997
461,46.0009,7.05680033,5.967981873,4.813182047
462,46.1009,6.137881976,5.540948343,5.314449727
463,46.2009,5.885067186,8.012741055,5.789274401
464,46.3009,5.525286034,5.517553603,2.131389113
465,46.4009,6.101495232,5.552512173,4.587101601
466,46.5009,5.751552365,5.376050595,3.625138338
467,46.6009,5.481080553,5.140747769,3.300280282
468,46.7009,6.610142873,5.221782704,4.70195001
469,46.8009,6.710369273,5.577844299,6.203216519
470,46.9009,5.392441263,5.111668552,4.801227719
471,47.0009,5.566122129,6.436570889,3.98669407
472,47.1009,6.881448486,6.712359025,3.664165252
473,47.2009,5.888718773,5.737638727,2.562951798
474,47.3009,6.205323871,4.598573847,5.808422203
475,47.4009,6.119493602,5.48686521,5.438346338
476,47.501,8.010146552,5.104737915,3.055273394
477,47.601,6.814869409,5.558481881,5.165512027
478,47.701,7.423092669,5.165052867,5.387214223
479,47.801,6.606456425,5.974742286,4.245035999
480,47.901,6.716154223,5.121388088,5.60619977
481,48.001,6.960905727,5.08559766,4.772982797
482,48.101,6.294007415,6.070714901,3.970615007
483,48.201,6.901326843,4.838350467,2.878811316
484,48.301,6.292260647,5.242797881,2.621265318
485,48.401,6.869728105,5.149030541,2.364583595
486,48.501,5.456198831,5.780812078,2.392680225
487,48.601,7.10355252,5.21115466,2.369345618
488,48.701,6.292749817,5.13403006,3.492434578
489,48.801,7.787823118,5.199746215,2.828179878
490,48.901,7.876045638,6.094896343,3.808245779
491,49.001,6.337383198,6.293071296,3.241729212
492,49.101,5.747089756,7.608778882,2.715687437
493,49.201,6.779330383,7.417742051,2.708318841
494,49.301,5.819757051,8.014735024,2.52725889
495,49.401,6.370327295,8.262985917,2.558465277
496,49.501,7.104569035,6.450206886,3.264101081
497,49.601,6.147531288,5.802600441,3.344117063
498,49.701,6.034949377,6.800484377,2.539884235
499,49.801,6.697048099,6.248416008,2.959000549
500,49.901,5.94600949,5.595138077,2.356090401
501,50.001,5.992569881,6.359247444,2.379802861
502,50.101,6.488018841,5.63919712,2.75326789
503,50.201,6.313128252,5.227519964,2.218322313
504,50.301,5.348424482,6.238471404,3.620780625
505,50.401,5.574824267,5.232059323,2.878882111
506,50.501,5.410082117,5.464970836,2.678323895
507,50.601,7.167840818,5.568419083,2.400941158
508,50.701,7.597075293,6.405415345,2.067095629
509,50.801,6.106301828,5.105183225,2.286844738
510,50.901,6.250188444,5.044582635,1.761582878
511,51.001,6.609908839,5.460794441,2.576962622
512,51.101,6.712250832,5.896677967,3.686210143
513,51.201,7.276348428,7.818023176,3.571525938
514,51.301,9.091514567,8.461737367,2.298798502
515,51.401,6.635386808,7.641932699,2.735717416
516,51.501,8.091995779,7.506491672,2.768991291
517,51.601,6.9987743,6.886007685,2.20370742
518,51.701,6.280335526,6.635806076,2.922968767
519,51.801,7.061068149,5.492524273,2.033920731
520,51.901,7.968718653,6.118890546,2.909756284
521,52.001,7.517524786,5.423107824,3.498862657
522,52.101,6.61061032,5.606514891,2.173780366
523,52.201,5.623341754,6.810353863,3.744837291
524,52.301,5.615122819,6.066639888,1.975262155
525,52.401,6.603286064,5.474059614,1.868174643
526,52.5011,6.596231703,5.402837434,2.590935256
527,52.6011,5.577443243,5.476119431,2.660550872
528,52.7011,5.70359553,5.684243817,2.796963183
529,52.8011,5.44083691,5.053593465,3.02767989
530,52.9011,7.009134034,5.787916721,2.856537396
531,53.0011,6.490193953,6.482341963,2.864293633
532,53.1011,5.883613153,6.501450615,2.760928971
533,53.2011,5.993687074,6.485503835,2.565127528
534,53.3011,6.560357161,6.332519913,2.936654323
535,53.4011,6.21763024,6.696028704,2.578466016
536,53.5011,6.620350285,6.999891843,2.733836454
537,53.6011,4.808771469,7.650743672,2.768925752
538,53.7011,5.98947219,6.420251079,1.917097015
539,53.8011,7.829630756,7.870450514,2.603940843
540,53.9011,5.941042385,8.192184545,3.327032909
541,54.0011,4.941243644,5.872450918,2.527961048
542,54.1011,4.527241615,7.817071415,3.047336474
543,54.2011,6.097449336,8.269991818,3.402781748
544,54.3011,5.445210607,8.39023834,4.132667897
545,54.4011,5.004751146,6.477512075,3.228894099
546,54.5011,6.494270487,6.643100692,3.054021908
547,54.6011,5.804165913,6.885908404,2.927805325
548,54.7011,5.448053106,6.531978132,2.537238145
549,54.8011,6.11438665,5.483571032,2.827878962
550,54.9011,6.369201963,6.2789548,3.284231217
551,55.0011,6.611221018,6.457362635,3.5227033
552,55.1011,6.403761542,5.935374139,3.429146878
553,55.2011,6.665391969,5.401531926,5.506466392
554,55.3011,7.057584943,5.655252114,5.545049936
555,55.4011,8.476456053,5.07662886,4.95101165
556,55.5011,6.950313206,6.173643643,4.428483074
557,55.6011,7.399405924,6.382756973,4.091824742
558,55.7011,5.41237884,6.709106178,6.726879388
559,55.8011,5.627237237,5.956812089,4.604007336
560,55.9011,5.39458795,5.662106153,5.063973906
561,56.0011,5.577961203,5.295635789,5.130504283
562,56.1011,5.746017441,6.093099041,4.666782144
563,56.2011,5.566885555,5.186182125,4.122130016
564,56.3011,5.522428844,5.465973541,4.994029492
565,56.4011,4.325428149,5.921447377,6.67803759
566,56.5011,4.839299987,5.818657123,5.668622012
567,56.6011,4.907140557,5.429343686,5.222437111
568,56.7011,4.796107345,5.937753683,5.676276359
569,56.8011,5.231468496,5.386694862,5.306675261
570,56.9011,6.214066931,5.849915159,3.245297227
571,57.0011,6.195013459,4.916333066,4.592791335
572,57.1011,5.992501991,3.835598225,2.99308272
573,57.2011,7.870067391,4.983725728,3.571212566
574,57.3011,6.360728691,5.135488859,3.418982996
575,57.4011,6.451505571,5.636794604,3.092924984
576,57.5012,8.034112198,5.598000699,2.331258922
577,57.6012,9.692489458,5.617025145,3.063511709
578,57.7012,6.703592298,5.5298347,2.335865839
579,57.8012,6.080808884,6.197301077,2.890141312
580,57.9012,6.17268149,5.347229414,3.109960548
581,58.0012,9.512344161,4.701349396,3.072986838
582,58.1012,7.325296809,5.771181896,3.662116128
583,58.2012,6.214701386,4.887559148,3.851125338
584,58.3012,5.971934962,5.247466517,4.533994449
585,58.4012,8.017342374,3.987820951,3.683891504
586,58.5012,8.530523113,4.127967434,3.692887064
587,58.6012,7.386650056,6.967529151,5.202142928
588,58.7012,6.432103594,5.396369321,2.642885804
589,58.8012,6.973577807,4.583025465,3.481070691
590,58.9012,6.389055718,4.476429776,2.228068947
591,59.0012,7.227625431,4.490677017,2.92443126
592,59.1012,6.47334105,5.83838773,3.416418251
593,59.2012,6.609909806,6.249036271,2.335319349
594,59.3012,6.13321652,4.81039455,2.95291034
595,59.4012,7.673082553,5.234093395,2.511138216
596,59.5012,5.927635484,4.605801187,2.966471387
597,59.6012,6.66996566,5.138606338,2.772304681
598,59.7012,6.214040618,5.35612938,2.769052098
599,59.8012,7.213515369,4.683726547,2.715214368
600,59.9012,6.509741945,5.342125229,3.166649856
601,60.0012,6.277847226,4.933468812,3.399355067
602,60.1012,5.804141609,6.347879837,2.38212752
603,60.2012,4.958180794,4.918676195,4.124913284
604,60.3012,6.682745104,5.923056401,4.547609728
605,60.4012,6.162069751,5.287823178,5.427961407
606,60.5012,6.230429823,5.121957763,2.403518899
607,60.6012,6.813723851,4.13750471,4.967465233
608,60.7012,7.078459257,4.987333381,3.38921472
609,60.8012,7.492859051,5.710284014,3.367204199
610,60.9012,6.58782199,6.392093083,4.442594425
611,61.0012,6.80717597,7.455683426,4.082663402
612,61.1012,5.486067775,5.920996255,3.009139233
613,61.2012,6.675756089,5.116036249,2.4382077
614,61.3012,5.896503707,5.469161172,2.818041127
615,61.4012,6.806796037,6.254379065,3.014978874
616,61.5012,6.510738444,4.777722404,2.345954639
617,61.6012,7.86609477,5.364582317,2.760183411
618,61.7012,8.173183484,5.948441198,2.584538623
619,61.8012,7.202797619,5.761860138,3.671149976
620,61.9012,6.456425738,6.282048605,2.854884197
621,62.0012,7.664241099,5.880838305,2.940617652
622,62.1012,5.971234019,5.425268899,2.321998742
623,62.2012,6.17712177,6.578588301,2.577535855
624,62.3012,5.863771441,5.485562625,2.819205739
625,62.4012,6.431576967,5.149489972,2.868755111
626,62.5012,6.152976855,4.873045872,3.032254638
627,62.6013,6.961955956,5.173915096,2.801360422
628,62.7013,6.446013281,5.180313206,3.026642132
629,62.8013,6.52130655,5.948335864,2.710708541
630,62.9013,5.452301669,5.716826334,2.741902697
631,63.0013,6.532303075,8.237592179,2.328172352
632,63.1013,6.500128498,6.121564923,3.834130701
633,63.2013,6.689978886,5.842552488,2.292527322
634,63.3013,6.225217871,6.592887756,2.540676474
635,63.4013,6.419843004,6.228173069,2.592561625
636,63.5013,6.078278113,7.720404056,2.565360123
637,63.6013,6.335582454,6.817040662,2.634113539
638,63.7013,5.399681033,6.089438028,2.866177665
639,63.8013,6.215307812,4.743995653,2.887666858
640,63.9013,6.173457354,4.841713398,2.974851388
641,64.0013,7.040326869,5.904393696,5.169793687
642,64.1013,8.176367109,6.263119891,3.695247245
643,64.2013,5.671457324,7.405394297,2.769874942
644,64.3013,6.002840812,7.916529944,3.096450077
645,64.4013,7.62905814,9.382471059,2.252285538
646,64.5013,6.650618225,7.607539839,2.849677298
647,64.6013,9.565283596,8.986314925,2.346135213
648,64.7013,6.491087924,7.494971064,3.695624483
649,64.8013,7.893874189,5.859232117,4.47301581
650,64.9013,7.880589241,8.663768486,3.844901746
651,65.0013,6.71731003,8.618722607,2.249877923
652,65.1013,6.199337719,4.027641788,2.545313018
653,65.2013,7.254138013,4.909359919,2.739351686
654,65.3013,7.100631268,4.954811916,3.275906378
655,65.4013,6.921182204,4.328697071,3.206653234
656,65.5013,5.577280861,4.363619534,4.02101157
657,65.6013,5.406003316,4.279201678,3.248011863
658,65.7013,5.174441293,5.037134538,4.222791127
659,65.8013,5.874490702,4.410664521,3.124975825
660,65.9013,5.855537948,5.664516423,2.538090921
661,66.0013,5.085192009,4.97000608,2.217639211
662,66.1013,6.206320439,8.394534915,2.041772873
663,66.2013,5.366636631,8.288442164,3.985850718
664,66.3013,7.356403625,7.103767127,2.744649122
665,66.4013,5.575319931,8.531552369,1.750524811
666,66.5013,6.84267813,6.091897201,2.000595223
667,66.6013,6.006917617,6.801928418,2.493345025
668,66.7013,6.645839622,5.511405843,2.217435988
669,66.8013,5.976201075,5.647654152,3.806788209
670,66.9013,6.537099245,4.571429168,2.569611482
671,67.0013,7.145812342,5.272108483,2.830566105
672,67.1013,6.230907398,4.764659247,2.153355593
673,67.2013,6.365479435,6.136547179,2.239476499
674,67.3013,6.052970605,5.389446397,3.365145698
675,67.4013,6.833628283,5.4676074,3.101918913
676,67.5014,7.477453733,5.567960379,2.979097218
677,67.6014,6.429090316,6.472519898,3.664348724
678,67.7014,5.204037657,4.580643247,2.620575655
679,67.8014,7.223174314,4.444110036,2.326430775
680,67.9014,5.89979181,3.988313068,2.227247705
681,68.0014,5.83991968,4.379010522,2.826176308
682,68.1014,7.239071849,5.672303472,3.544787903
683,68.2014,5.909121393,6.167838355,3.113020607
684,68.3014,6.225230451,8.144870209,3.130628449
685,68.4014,5.370394024,6.124672458,2.327868234
686,68.5014,5.141001995,5.225303227,3.213784956
687,68.6014,5.883607893,5.152321167,2.879375672
688,68.7014,7.006260698,4.622238242,2.795593205
689,68.8014,7.103549118,4.664377776,2.50218532
690,68.9014,9.479490922,6.33673931,2.846979315
691,69.0014,8.756000261,6.372463768,2.743578311
692,69.1014,6.817934783,6.136346386,2.046419042
693,69.2014,10.51592771,5.323818397,2.045161557
694,69.3014,7.64042252,5.949122564,2.668464782
695,69.4014,7.649940137,6.282184957,2.72542743
696,69.5014,7.241369496,5.840173606,2.253639509
697,69.6014,8.139399548,4.749011782,2.728077701
698,69.7014,7.490885802,4.305098831,2.856652401
699,69.8014,9.39043456,4.138136816,3.426707018
700,69.9014,8.11413163,4.083099702,3.849973583
701,70.0014,8.961795526,5.235634711,1.89568406
702,70.1014,7.440651123,4.141916442,2.968321164
703,70.2014,7.777122564,5.226575813,3.776320579
704,70.3014,7.235434101,5.930898098,2.371667934
705,70.4014,6.892688044,5.693713137,2.614518485
706,70.5014,6.451031417,6.387240928,3.435881662
707,70.6014,5.900600933,4.535231041,3.08755303
708,70.7014,5.878475727,6.535340587,2.903108912
709,70.8014,7.421078876,5.802557823,2.208058002
710,70.9014,7.103334241,5.595503329,3.302803449
711,71.0014,8.019675659,6.071516189,2.652654354
712,71.1014,6.048051391,4.942884239,2.880604442
713,71.2014,7.345076764,5.465448802,3.88310347
714,71.3014,5.810530057,5.376519212,4.038341582
715,71.4014,5.85665453,5.233139828,3.467901257
716,71.5014,5.995642557,5.550581277,3.80605136
717,71.6014,6.702808655,5.051819822,3.016962545
718,71.7014,7.257672409,4.214988023,4.516242113
719,71.8014,6.36048279,5.644632719,4.642458657
720,71.9014,5.617919517,3.849424424,5.263012603
721,72.0014,5.991925412,3.493740789,6.830813948
722,72.1014,5.329366747,5.860674424,7.027399809
723,72.2014,5.503252975,5.373719966,3.440142737
724,72.3014,6.406191215,4.195868329,2.658171411
725,72.4014,5.239106944,3.385349067,3.673535676
726,72.5014,6.830757034,4.246964205,2.48567638
727,72.6015,6.76050978,4.329548704,3.46393141
728,72.7015,6.977263335,4.114382918,3.441803903
729,72.8015,5.36579792,5.108156865,2.699925976
730,72.9015,6.162284507,4.501651704,2.899566119
731,73.0015,5.494250772,3.890973051,2.712336619
732,73.1015,4.994520547,4.854597634,2.633850904
733,73.2015,5.235114034,4.904340094,2.598961031
734,73.3015,5.159469286,4.435741942,3.213665974
735,73.4015,5.297409315,4.851690407,3.735446975
736,73.5015,5.443399234,3.967667049,3.263315184
737,73.6015,7.04712701,4.946249559,3.388384049
738,73.7015,7.798533217,6.049531756,3.707923123
739,73.8015,7.051358113,6.664380418,3.237592016
740,73.9015,6.225507502,6.690989513,2.511639617
741,74.0015,6.767744552,7.620346119,2.754515478
742,74.1015,6.750033763,5.226274903,3.974947031
743,74.2015,6.41713883,7.054114079,3.306715368
744,74.3015,6.52176152,4.686982728,2.674498778
745,74.4015,6.395069184,4.095094853,3.833094043
746,74.5015,6.353647404,3.983848036,5.471088791
747,74.6015,6.072986846,4.026671768,3.283006008
748,74.7015,6.054302155,4.098868429,4.418266843
749,74.8015,6.339288214,4.640391343,4.325176369
750,74.9015,7.015972479,4.915927676,5.798299722
751,75.0015,7.106732469,4.609540081,4.718560339
752,75.1015,8.442371874,5.061159704,5.203480384
753,75.2015,8.376573641,4.612474153,4.457793582
754,75.3015,7.870508224,6.591611179,3.137371768
755,75.4015,7.807319564,4.307263942,3.310349624
756,75.5015,6.882680079,4.564851789,3.651520091
757,75.6015,7.197634553,4.821140098,2.442405719
758,75.7015,7.515104641,4.903010992,3.837696367
759,75.8015,7.92905966,4.526317092,3.90611639
760,75.9015,6.252944622,4.23997972,3.161856245
761,76.0015,7.704144978,5.788057605,2.223436841
762,76.1015,7.627449335,4.911688393,2.109088444
763,76.2015,9.089270874,4.175365802,3.418533311
764,76.3015,7.277037068,4.146498416,1.958784197
765,76.4015,7.055761519,5.072353123,2.228477338
766,76.5015,6.661860143,4.40929234,3.415428439
767,76.6015,6.646407085,4.50185384,2.359210828
768,76.7015,7.928613193,3.981798767,3.109884099
769,76.8015,7.88925029,6.043771331,3.387592507
770,76.9015,8.207815281,8.774953116,3.039031445
771,77.0015,7.978643588,7.851307954,3.462827289
772,77.1015,8.034176171,4.012862949,3.285997176
773,77.2015,7.560461873,4.527957315,3.919281263
774,77.3015,6.427755072,4.542164915,3.053865783
775,77.4015,6.521099919,5.495022812,3.713044937
776,77.5016,6.641933166,5.538194852,2.107660574
777,77.6016,7.220192816,5.335775805,3.330172001
778,77.7016,7.079799775,5.047578343,1.982390201
779,77.8016,6.923999853,4.675090159,4.004226708
780,77.9016,7.691573745,4.545802892,2.153773726
781,78.0016,7.932075677,6.669411082,3.039163213
782,78.1016,5.619652848,6.127875726,2.595971976
783,78.2016,5.325056188,4.685884328,2.813588384
784,78.3016,6.262310494,4.495037876,2.470242062
785,78.4016,7.294265516,5.102277582,2.268208973
786,78.5016,5.914125757,6.045852369,2.469460391
787,78.6016,7.014398103,6.237232773,3.311455164
788,78.7016,7.432880961,5.366614819,2.784163472
789,78.8016,6.171155604,6.921167642,2.442961091
790,78.9016,9.905096435,5.174260573,2.30319085
791,79.0016,7.939296351,5.151956637,2.496823993
792,79.1016,8.063223721,4.953320787,4.377311567
793,79.2016,7.942993547,6.430400328,2.250512341
794,79.3016,6.435098998,4.351269991,4.236631152
795,79.4016,6.072780295,4.377772405,3.920869839
796,79.5016,6.263557006,4.672599883,3.036880457
797,79.6016,7.827188487,4.586693607,2.75354934
798,79.7016,8.123726262,3.74522141,3.535363436
799,79.8016,6.138896555,4.168691435,3.050218171
800,79.9016,6.191290993,5.312104452,3.426659568
801,80.0016,6.310424281,4.219131003,2.85468626
802,80.1016,6.110812921,4.516334166,2.715500606
803,80.2016,5.063686129,5.165239037,4.898968194
804,80.3016,5.025754407,6.834468706,3.753644946
805,80.4016,5.749558202,6.877789462,3.180385354
806,80.5016,4.312122161,5.86644045,4.681918271
807,80.6016,6.146839713,6.427183625,3.012905046
808,80.7016,6.36433226,6.699523405,2.129919437
809,80.8016,6.672660203,6.338001275,2.181381136
810,80.9016,5.244016821,4.672816,3.491886937
811,81.0016,5.474180829,6.211621152,2.584140796
812,81.1016,6.006721474,5.196415647,5.511323283
813,81.2016,6.326558872,5.204968684,5.484681654
814,81.3016,6.950169916,4.978069051,5.897009897
815,81.4016,5.631712531,6.170228894,2.624810987
816,81.5016,6.390987862,5.40929095,2.290281984
817,81.6016,6.157635947,4.968434541,4.475674116
818,81.7016,6.367533452,5.861111618,2.605709859
819,81.8016,6.248393775,5.055439568,1.930095795
820,81.9016,6.706472837,5.127231564,3.690690535
821,82.0016,7.070611681,4.887187332,2.218866201
822,82.1016,6.748676237,5.233713712,2.750669647
823,82.2016,6.692035924,5.628017945,2.606534232
824,82.3016,7.643429212,4.847665214,2.545066606
825,82.4016,7.715664115,6.566204723,2.789043541
826,82.5017,7.574387165,5.741412933,2.239507293
827,82.6017,6.522401986,5.890881436,3.644285802
828,82.7017,5.80834898,6.942376379,4.581691245
829,82.8017,5.522135009,5.558851387,4.268711903
830,82.9017,6.325853232,5.174919412,3.920641601
831,83.0017,7.786103601,4.299171234,2.336547959
832,83.1017,7.703515922,5.358478038,2.901984203
833,83.2017,5.761108537,4.509499135,3.266873467
834,83.3017,5.147774295,4.675676481,3.521214396
835,83.4017,5.509260005,6.037800664,2.777969497
836,83.5017,6.368351838,4.635152074,2.848023414
837,83.6017,6.711349008,4.731285668,2.587852817
838,83.7017,8.756265307,3.926628774,2.22251345
839,83.8017,8.430995304,4.37269995,3.114604007
840,83.9017,6.451879044,5.240856258,2.595585835
841,84.0017,8.034272669,4.655495005,2.436547786
842,84.1017,7.621211154,4.507053489,2.536459677
843,84.2017,7.417797216,4.347719653,2.256559288
844,84.3017,7.545584785,4.316804229,2.793187702
845,84.4017,8.098081907,5.169712742,4.02396494
846,84.5017,9.381104618,4.774748306,2.832581219
847,84.6017,8.833358906,5.238176256,2.375149144
848,84.7017,8.406971075,4.54473648,3.187694735
849,84.8017,7.788341647,4.291904153,3.521092652
850,84.9017,7.654852358,3.959912311,2.385938221
851,85.0017,8.416927328,4.245685532,3.095084105
852,85.1017,8.687809069,4.466472975,2.788017608
853,85.2017,7.565764246,4.688958322,3.824791325
854,85.3017,9.480148204,3.961940788,3.797492703
855,85.4017,12.84714822,4.234960546,1.768520036
856,85.5017,11.51866095,6.194132893,1.961074608
857,85.6017,11.78900744,5.047420109,2.061047257
858,85.7017,11.34377427,6.419207832,2.385144613
859,85.8017,10.86259476,6.083658662,1.648648832
860,85.9017,9.420840795,5.316973525,2.743978764
861,86.0017,10.33672097,5.58666114,2.74785067
862,86.1017,10.46691596,5.617313447,2.422681493
863,86.2017,8.425145305,5.447092767,2.650642212
864,86.3017,9.183782171,6.070572127,1.590752505
865,86.4017,10.90443465,3.850777901,4.209145045
866,86.5017,12.38529711,5.320017798,5.42198626
867,86.6017,9.480941421,4.746582135,3.40155183
868,86.7017,11.36383743,5.650258485,2.165879214
869,86.8017,9.970803044,5.202908891,3.258513766
870,86.9017,7.957937678,4.580120707,1.832364247
871,87.0017,8.070228878,4.734327279,2.150704723
872,87.1017,8.650456548,6.025218892,2.052883256
873,87.2017,10.21633874,6.31147252,1.922701619
874,87.3017,11.24543647,5.851244159,1.94597081
875,87.4017,10.17963626,5.55587139,3.976948202
876,87.5018,10.19260395,5.152986394,2.245153235
877,87.6018,10.47376495,5.754017372,2.614666258
878,87.7018,8.844389354,4.78209452,2.762264276
879,87.8018,10.29593111,4.912796123,2.711419207
880,87.9018,10.24653301,4.990830545,3.312580341
881,88.0018,9.61040764,5.826595193,3.120131278
882,88.1018,10.8094699,5.233177382,2.628159881
883,88.2018,9.17462563,5.415932821,3.814282425
884,88.3018,10.33367238,5.624540853,3.365392466
885,88.4018,9.351744454,5.105821888,2.837174602
886,88.5018,9.092707672,4.175330026,2.51224835
887,88.6018,9.032081584,5.150093378,2.48225097
888,88.7018,8.623297781,5.915730388,4.189178675
889,88.8018,8.63287265,5.575712148,3.149399013
890,88.9018,9.399940671,5.268475189,3.442875817
891,89.0018,9.427933366,5.086208191,2.773651251
892,89.1018,8.727600603,5.556822663,3.073250689
893,89.2018,9.925514209,6.025743792,3.578811143
894,89.3018,9.558717772,5.240349882,3.477273599
895,89.4018,12.47607994,6.360527583,2.460472129
896,89.5018,8.979052504,5.124308694,3.099246024
897,89.6018,10.57156276,4.507631752,2.239922647
898,89.7018,8.649739432,5.846683673,2.240414485
899,89.8018,9.072881335,4.284953155,3.050466046
900,89.9018,8.038589028,4.676338423,2.852953549
901,90.0018,9.279797575,6.58427422,3.090310778
902,90.1018,7.874465008,5.341522933,2.643352178
903,90.2018,9.002045809,5.494959283,2.835279089
904,90.3018,8.253524678,4.257857382,2.222097805
905,90.4018,8.522880127,4.414391517,2.495357565
906,90.5018,10.14669067,4.131299959,3.321893565
907,90.6018,9.074206658,5.501125694,3.372500636
908,90.7018,8.839557004,4.518491247,2.426053157
909,90.8018,8.823974173,4.796763996,3.627390988
910,90.9018,8.535763434,4.791268715,3.781171662
911,91.0018,8.865229695,5.128428709,4.083884612
912,91.1018,11.15277739,4.483165801,2.746163009
913,91.2018,10.36996712,4.921488874,2.943239575
914,91.3018,9.235126456,5.640635173,3.712301962
915,91.4018,8.438215186,6.111201028,3.900325225
916,91.5018,8.06068355,5.667969528,3.087806569
917,91.6018,8.203073184,5.962613033,3.161715603
918,91.7018,7.754541357,5.677051477,3.636070864
919,91.8018,9.063339859,6.462767557,2.547496796
920,91.9018,8.961604079,5.832714387,2.327192299
921,92.0018,7.920166234,6.942558819,2.659026369
922,92.1018,9.506466302,6.811206831,2.952171094
923,92.2018,9.737536153,5.006926144,2.596527068
924,92.3018,9.270792878,5.791118172,2.866635674
925,92.4018,8.507918924,6.587756761,2.452537575
926,92.5019,8.277518196,5.933425322,2.773227603
927,92.6019,8.54559944,8.058449203,2.850237986
928,92.7019,7.302455502,6.739865212,3.40643307
929,92.8019,8.255849638,4.594654305,4.642898577
930,92.9019,8.78264812,4.695708656,3.465469599
931,93.0019,8.150563362,5.652549616,2.791796885
932,93.1019,8.444167702,5.602361565,3.165483117
933,93.2019,7.217486848,6.912582231,3.342358728
934,93.3019,8.147388405,6.62060997,2.674386193
935,93.4019,6.491063021,6.619832607,2.794471472
936,93.5019,7.067281542,5.817194249,2.613658286
937,93.6019,7.675335982,5.3251043,3.418353137
938,93.7019,9.333825709,5.642318998,3.582244786
939,93.8019,10.5872209,6.270375758,2.310520633
940,93.9019,7.812800742,5.527159105,2.865938465
941,94.0019,6.490276818,5.696692604,2.201074972
942,94.1019,7.016170995,5.664001316,2.726567058
943,94.2019,7.982766899,5.878960558,2.479656639
944,94.3019,9.015221488,5.171762227,1.872246366
945,94.4019,7.817627248,5.534465502,3.064661131
946,94.5019,8.27693241,5.055872183,2.12185734
947,94.6019,8.801345437,4.967958781,3.099711052
948,94.7019,9.148148852,5.412094551,2.424724258
949,94.8019,9.633024846,5.062743661,2.722097878
950,94.9019,10.50756296,6.498814956,2.988201271
951,95.0019,8.00990904,5.668132365,3.279553666
952,95.1019,8.148004504,5.781096858,4.827817993
953,95.2019,8.299657745,5.977804732,3.736293181
954,95.3019,8.154520741,6.161806515,4.181043947
955,95.4019,8.8737614,5.305590453,4.099325486
956,95.5019,9.719220409,5.414019666,3.748107418
957,95.6019,8.36123067,5.416979327,5.232101722
958,95.7019,8.373898156,5.595072553,3.337542758
959,95.8019,7.756689101,6.610230151,3.290670145
960,95.9019,7.247933545,5.253869945,3.446892288
961,96.0019,6.84433543,4.987062299,3.692359989
962,96.1019,8.04307229,5.077705381,2.74698156
963,96.2019,9.01395868,5.031825135,3.757705875
964,96.3019,8.64557506,5.073729087,3.892384544
965,96.4019,8.321763122,5.233007406,2.985088295
966,96.5019,8.419627264,4.927165971,3.442186377
967,96.6019,9.277649939,4.942298757,3.197338525
968,96.7019,9.219464962,4.403929937,4.513568298
969,96.8019,6.918120454,4.837754038,3.12138474
970,96.9019,8.5165875,5.049604921,2.483196014
971,97.0019,8.938551036,4.428203927,2.305553447
972,97.1019,9.287806833,4.717750766,3.609549504
973,97.2019,10.40395229,5.048797587,2.995907287
974,97.3019,10.36608366,4.82571113,2.940680801
975,97.4019,9.4699081,3.776225733,2.924007406
976,97.5019,9.260150983,5.258198219,3.584533263
977,97.602,10.80159897,5.186703526,3.646332321
978,97.702,10.67946129,3.982282903,3.014289276
979,97.802,9.580733269,4.09734758,3.056924748
980,97.902,9.238569743,3.856663287,2.478684676
981,98.002,8.695564623,4.31511809,2.825937985
982,98.102,8.914543598,3.536651443,2.420390817
983,98.202,8.944770615,4.74628658,3.178718229
984,98.302,8.287831618,5.057970954,2.633946477
985,98.402,9.598883035,4.119720617,2.783288906
986,98.502,9.201107359,4.139945141,3.173355587
987,98.602,7.989230761,3.745849693,3.001165885
988,98.702,9.031280238,4.480105306,3.737753904
989,98.802,9.522588987,4.648279673,2.320915733
990,98.902,8.611629676,4.774903585,2.238576835
991,99.002,9.137986092,3.931273646,3.315966504
992,99.102,9.58892611,4.353484387,2.237490157
993,99.202,8.768466454,3.69773039,3.599336231
994,99.302,8.612100952,4.603260356,2.161462371
995,99.402,10.1045423,4.179409606,2.933306946
996,99.502,9.990898731,3.814122296,3.934333292
997,99.602,10.4747428,3.607806995,4.145859258
998,99.702,11.22935024,4.284694158,1.964149448
999,99.802,12.12707107,4.266668297,2.495832914
1000,99.902,9.653769144,4.130803611,2.778457323
1001,100,10.83324147,3.83187238,2.963314092
