Frame,Time (ns),(+)-Gallocatechin-(4??8)-(+)-catechin,,Proanthocyanidin A-6,,,
1,0,188.0346096,324.2674441,220.8951717,,,
2,0.1,206.1566173,308.1426892,196.6418448,,,Prodelphinidin A2 3'-gallate
3,0.2,195.9990348,276.8255512,195.9344896,,,
4,0.3,162.6828023,287.4296014,184.6709107,,,
5,0.4,211.1041314,313.0840212,153.5507812,,,
6,0.5,182.974437,304.950732,220.5661774,,,
7,0.6,203.2989839,285.042243,217.832338,,,
8,0.7,161.4587744,285.7241333,204.5877693,,,
9,0.8,189.3398691,274.6687741,217.8542475,,,
10,0.9,164.9594734,280.2023331,217.4526525,,,
11,1,155.6168477,313.3911905,215.7580289,,,
12,1.1,169.0070984,259.1943196,252.2502334,,,
13,1.2,161.787032,293.7476138,211.7505949,,,
14,1.3,178.7749329,294.9955823,214.8428714,,,
15,1.4,168.9073988,299.5344799,204.476044,,,
16,1.5,189.5290526,278.5150305,224.1922891,,,
17,1.6,158.1257723,295.5440253,246.6573099,,,
18,1.7,182.219942,306.8820579,254.6968473,,,
19,1.8,162.2498681,286.1772726,245.4671085,,,
20,1.9,221.1681199,334.0591305,253.4612804,,,
21,2,202.586188,327.7408411,301.9935213,,,
22,2.1,226.8267329,297.6406613,285.7619053,,,
23,2.2,211.9496511,332.892598,275.1454683,,,
24,2.3,232.8462724,319.0774876,259.5296386,,,
25,2.4,193.4318015,305.6882319,248.5666322,,,
26,2.5001,188.0251552,349.541671,261.556261,,,
27,2.6001,226.6915366,337.5145426,253.0429642,,,
28,2.7001,255.0705305,260.4867542,263.2364475,,,
29,2.8001,243.8162977,325.6453242,327.509487,,,
30,2.9001,251.4081261,320.7259331,260.4388635,,,
31,3.0001,234.2443728,381.9772022,256.4009929,,,
32,3.1001,229.9883715,320.2175671,337.3159706,,,
33,3.2001,242.638095,345.0975097,330.1656052,,,
34,3.3001,276.3401035,292.8694405,306.9565876,,,
35,3.4001,246.5815739,334.0192379,279.8427259,,,
36,3.5001,247.454365,379.3778158,324.6470321,,,
37,3.6001,236.6781932,370.3758194,299.0949601,,,
38,3.7001,223.0831958,295.7891907,315.822303,,,
39,3.8001,230.3761433,306.4896538,299.4612952,,,
40,3.9001,200.918597,321.3223794,274.126235,,,
41,4.0001,234.2532595,346.9650516,332.577633,,,
42,4.1001,233.097031,338.588031,306.2697132,,,
43,4.2001,237.4017847,374.8557504,263.0773015,,,
44,4.3001,240.2706381,368.3417709,247.474198,,,
45,4.4001,218.7210509,362.6086232,261.4790716,,,
46,4.5001,268.1265226,378.6979851,280.9154995,,,
47,4.6001,280.4718584,364.7136404,290.9237985,,,
48,4.7001,267.2305455,369.2279755,322.7087042,,,
49,4.8001,287.1055555,341.6432975,307.7578531,,,
50,4.9001,250.2527505,370.7776415,286.4934249,,,
51,5.0001,273.4471434,355.3641833,251.0102237,,,
52,5.1001,257.546173,373.1817606,255.4371284,,,
53,5.2001,250.1929809,384.6473434,242.4288779,,,
54,5.3001,258.244401,362.9007476,252.0817463,,,
55,5.4001,265.0091568,435.6285419,257.8735418,,,
56,5.5001,299.7132682,433.2544384,239.2545864,,,
57,5.6001,255.0856734,393.7009894,212.9981033,,,
58,5.7001,270.5260134,442.0289055,244.2971069,,,
59,5.8001,234.3569645,451.5760337,244.6009042,,,
60,5.9001,255.3544948,458.4703455,203.8019374,,,
61,6.0001,256.3390487,361.7159224,224.281826,,,
62,6.1001,273.9994356,342.8392098,232.8612651,,,
63,6.2001,267.8619734,436.8026424,229.8698476,,,
64,6.3001,277.3162178,372.348788,203.0733967,,,
65,6.4001,258.9193827,421.9892438,227.1682809,,,
66,6.5001,257.9462092,405.0013718,247.9521571,,,
67,6.6001,186.2618128,454.4830478,255.1932027,,,
68,6.7001,194.5337055,439.5909428,220.2426157,,,
69,6.8001,201.5080155,364.1162256,226.4768702,,,
70,6.9001,226.4849578,406.6389559,240.9238981,,,
71,7.0001,233.6850029,393.1731074,196.2727563,,,
72,7.1001,243.8107582,382.9034073,239.3731658,,,
73,7.2001,236.8777798,419.316576,230.2424284,,,
74,7.3001,217.6963288,359.0266108,259.5917789,,,
75,7.4001,251.7131437,389.1939636,238.0835741,,,
76,7.5002,239.8376113,407.2759629,230.48799,,,
77,7.6002,215.0851824,408.4581356,257.2818337,,,
78,7.7002,231.2093568,380.2413553,258.5004348,,,
79,7.8002,217.5170558,378.8073193,260.3550899,,,
80,7.9002,240.5294618,405.6120672,254.4582691,,,
81,8.0002,228.0491858,429.8500438,263.3516643,,,
82,8.1002,236.9654915,445.2504395,290.6572991,,,
83,8.2002,231.7973275,378.0041206,302.6486414,,,
84,8.3002,225.7687148,378.8711476,267.9954278,,,
85,8.4002,235.9890057,365.6231123,267.3227345,,,
86,8.5002,230.1427934,388.1336292,232.1857305,,,
87,8.6002,240.4289328,406.3790591,279.8274308,,,
88,8.7002,235.6642753,420.0197277,290.2941778,,,
89,8.8002,255.2089913,386.3242459,288.9130746,,,
90,8.9002,227.2863648,369.773311,280.6676265,,,
91,9.0002,230.085013,419.7844902,283.349025,,,
92,9.1002,223.6908197,413.1793678,252.3335888,,,
93,9.2002,201.3838219,429.6306306,252.124967,,,
94,9.3002,237.5786053,388.7194136,288.0227683,,,
95,9.4002,238.2796318,366.2180797,288.6245408,,,
96,9.5002,225.8022807,384.9940712,257.4906501,,,
97,9.6002,242.210332,356.7865176,277.3956249,,,
98,9.7002,218.7533447,401.6412002,245.9842001,,,
99,9.8002,232.4211603,407.9986823,237.8041588,,,
100,9.9002,216.8193412,425.5534125,209.7255425,,,
101,10.0002,251.5069902,425.3806687,232.1550795,,,
102,10.1002,232.631492,420.8065259,250.7976083,,,
103,10.2002,265.0527586,352.2701304,246.7305207,,,
104,10.3002,220.9633176,386.8210805,274.1026777,,,
105,10.4002,247.446953,418.7411256,273.6300953,,,
106,10.5002,262.1976126,419.8407252,227.5436838,,,
107,10.6002,263.5059646,408.8290747,207.9019754,,,
108,10.7002,228.2254825,455.5845857,237.0809707,,,
109,10.8002,210.3985603,467.3503155,234.7932123,,,
110,10.9002,233.7952837,432.9929803,224.3057524,,,
111,11.0002,238.199884,433.8753273,263.6002769,,,
112,11.1002,233.1499753,459.2271907,252.5154467,,,
113,11.2002,229.6100229,417.5123426,308.1240797,,,
114,11.3002,254.4067307,402.0894306,259.138853,,,
115,11.4002,224.7774178,392.3618594,267.0051438,,,
116,11.5002,241.3595634,394.7329808,272.2702928,,,
117,11.6002,251.7065155,386.6183087,280.5956232,,,
118,11.7002,216.3352735,400.8053899,265.4646682,,,
119,11.8002,234.688485,380.4948657,319.5479122,,,
120,11.9002,217.2060939,397.840988,274.2298257,,,
121,12.0002,224.6421449,425.9662881,277.7113595,,,
122,12.1002,264.5334897,421.2336748,261.8895674,,,
123,12.2002,223.7832068,413.64038,293.9240483,,,
124,12.3002,232.1958417,338.8157167,304.3126838,,,
125,12.4002,231.0200071,368.3372468,289.9210256,,,
126,12.5002,234.7158959,370.5654765,292.4800922,,,
127,12.6003,218.7929468,418.4564686,300.1712998,,,
128,12.7003,223.6474414,432.2937027,285.6653815,,,
129,12.8003,259.8745584,429.5327637,268.685328,,,
130,12.9003,273.1467644,396.2414903,323.0002631,,,
131,13.0003,284.7312624,401.9959682,296.5591633,,,
132,13.1003,264.2063292,398.1990096,286.538208,,,
133,13.2003,239.5257106,373.2573699,288.6680504,,,
134,13.3003,261.6054219,367.068279,240.4449627,,,
135,13.4003,277.355906,394.9394044,252.7600155,,,
136,13.5003,311.9817604,354.0823396,286.3504431,,,
137,13.6003,294.992446,400.3784107,283.3922897,,,
138,13.7003,267.2507731,387.7334351,269.9668565,,,
139,13.8003,263.6885614,435.5137554,248.2153564,,,
140,13.9003,293.1788128,421.6122986,230.7182383,,,
141,14.0003,274.5498706,421.2467279,275.8655116,,,
142,14.1003,246.617806,482.5693592,283.6943596,,,
143,14.2003,267.1025324,526.7223657,286.0659012,,,
144,14.3003,267.3855973,463.7768756,296.4761084,,,
145,14.4003,275.9174618,453.3904238,263.900236,,,
146,14.5003,276.5102156,529.9300034,279.7510419,,,
147,14.6003,303.3226012,463.0772547,295.8535307,,,
148,14.7003,274.7195271,488.2560358,272.80649,,,
149,14.8003,316.3543066,482.3933211,285.9064534,,,
150,14.9003,249.1702801,432.9826613,262.364446,,,
151,15.0003,256.1887003,442.4624507,232.6483249,,,
152,15.1003,282.3327146,469.0185814,244.8439973,,,
153,15.2003,284.7700898,434.7242204,255.403819,,,
154,15.3003,300.6914941,442.6411356,257.3851445,,,
155,15.4003,283.9426748,408.446136,298.1572675,,,
156,15.5003,313.9279281,431.1075777,309.3053548,,,
157,15.6003,299.2644087,425.7811752,316.444676,,,
158,15.7003,271.3684791,406.7025323,300.960687,,,
159,15.8003,286.1739585,423.7412239,295.4750852,,,
160,15.9003,284.7749522,412.6605743,299.0088796,,,
161,16.0003,281.3623261,408.3112499,281.4075196,,,
162,16.1003,299.4109179,392.5405029,300.7955909,,,
163,16.2003,287.4301825,380.0036556,305.3836353,,,
164,16.3003,279.6398782,383.5679245,280.9453199,,,
165,16.4003,264.2400855,388.6320541,266.5787623,,,
166,16.5003,310.7287546,380.4704655,282.3022427,,,
167,16.6003,347.5627189,399.8060628,246.6637387,,,
168,16.7003,320.337425,387.8524978,296.1459795,,,
169,16.8003,306.2234428,398.3620673,273.7063176,,,
170,16.9003,282.6925162,378.7031769,287.5224908,,,
171,17.0003,294.5332846,386.0142369,273.4719766,,,
172,17.1003,299.230246,407.411411,268.3038762,,,
173,17.2003,292.8728104,399.5454582,281.3803808,,,
174,17.3003,275.1649091,376.9008517,315.1673551,,,
175,17.4003,290.2484203,393.547368,254.4630736,,,
176,17.5004,311.0217725,404.1570967,287.7387651,,,
177,17.6004,271.612532,402.1571024,254.5366368,,,
178,17.7004,286.003633,416.4896305,284.2670898,,,
179,17.8004,255.8834321,411.9147777,287.5612419,,,
180,17.9004,303.2638239,462.6238624,272.4834752,,,
181,18.0004,282.7827447,436.7376515,246.1269267,,,
182,18.1004,281.1166994,426.8664862,241.7848305,,,
183,18.2004,268.8390323,438.1366768,267.3520505,,,
184,18.3004,271.9025419,487.8761359,298.1244892,,,
185,18.4004,263.6742445,399.8039888,277.1755143,,,
186,18.5004,275.2522271,376.2634785,262.0723625,,,
187,18.6004,283.4658603,401.3383586,289.2437409,,,
188,18.7004,256.2453786,414.9426934,270.2910752,,,
189,18.8004,268.6101214,445.2792125,272.6413105,,,
190,18.9004,256.0238471,407.7516527,292.3024398,,,
191,19.0004,291.5597679,418.9481657,325.0089775,,,
192,19.1004,284.7298779,420.4998295,301.4624031,,,
193,19.2004,291.8796052,348.8987026,284.0323405,,,
194,19.3004,268.0620572,452.2650662,296.275706,,,
195,19.4004,279.3440616,408.8098313,286.0234111,,,
196,19.5004,276.5638113,421.2547949,272.5890009,,,
197,19.6004,295.9614342,430.4207399,304.6272003,,,
198,19.7004,293.9469282,469.6460593,276.7733647,,,
199,19.8004,261.4465216,458.3010932,276.9771372,,,
200,19.9004,293.3545428,420.3571896,250.7702969,,,
201,20.0004,301.4031152,387.9887484,271.6554993,,,
202,20.1004,289.2693222,399.2335091,220.1516881,,,
203,20.2004,308.184959,370.329454,241.5886387,,,
204,20.3004,302.2224504,393.1431118,265.22722,,,
205,20.4004,304.3521324,384.8921734,232.984652,,,
206,20.5004,313.2216213,417.0111024,264.0148016,,,
207,20.6004,304.6945541,378.9647639,280.4077902,,,
208,20.7004,249.1568268,399.1136282,252.8022389,,,
209,20.8004,247.6412483,412.0335396,241.6162995,,,
210,20.9004,275.1811908,378.0037962,230.0183157,,,
211,21.0004,239.6288437,415.8369831,288.0938366,,,
212,21.1004,283.8994363,356.2396871,272.2600231,,,
213,21.2004,276.5958717,397.9558481,281.4541791,,,
214,21.3004,300.6064583,344.3309497,275.4822274,,,
215,21.4004,298.4436266,396.2278807,262.9705162,,,
216,21.5004,292.7311882,438.5535632,255.5923737,,,
217,21.6004,310.4610843,419.9941286,247.3144462,,,
218,21.7004,290.9538135,440.5205187,209.8316865,,,
219,21.8004,272.0088406,391.2754419,246.3586486,,,
220,21.9004,295.8791789,415.633792,276.8137241,,,
221,22.0004,343.9555296,377.0625635,249.56858,,,
222,22.1004,287.9033571,373.2878024,269.6251786,,,
223,22.2004,305.3369474,381.5175393,253.8555485,,,
224,22.3004,268.9602652,383.047963,227.0435647,,,
225,22.4004,265.3658145,386.3302973,224.8420222,,,
226,22.5005,268.057848,362.2455821,224.9014303,,,
227,22.6005,284.6862955,395.9209275,222.4204128,,,
228,22.7005,247.5400292,393.4262996,253.0195095,,,
229,22.8005,282.0037753,398.190116,209.2248105,,,
230,22.9005,255.4424388,404.4442876,226.4243925,,,
231,23.0005,280.8359385,422.4129294,232.4138114,,,
232,23.1005,299.9188609,425.2574816,218.2545056,,,
233,23.2005,259.4445036,424.0032446,223.9694652,,,
234,23.3005,276.9214869,393.4117364,222.9436195,,,
235,23.4005,313.1718739,420.7917412,221.8337542,,,
236,23.5005,271.3389236,415.2215529,226.1175933,,,
237,23.6005,281.7109572,404.7231144,228.3090416,,,
238,23.7005,285.5281415,405.6277126,226.8643306,,,
239,23.8005,271.7838257,432.4965342,234.4355252,,,
240,23.9005,307.2070069,432.9560237,236.9539331,,,
241,24.0005,329.9099627,403.3565433,275.8398028,,,
242,24.1005,307.0754156,444.6168825,218.4053189,,,
243,24.2005,242.2862626,430.5974072,240.5419142,,,
244,24.3005,267.6003504,428.8420886,230.3019503,,,
245,24.4005,312.8422626,420.787079,238.1930626,,,
246,24.5005,291.0450222,417.6350332,224.1229968,,,
247,24.6005,302.7818179,391.7903423,234.9645219,,,
248,24.7005,306.3080995,407.5610272,264.6550804,,,
249,24.8005,293.4496792,368.3551524,306.3070116,,,
250,24.9005,285.5203244,373.7600056,288.5855729,,,
251,25.0005,281.5314139,367.3899779,263.9178333,,,
252,25.1005,292.6651652,373.8709162,262.741486,,,
253,25.2005,290.7020256,356.9216145,255.7543658,,,
254,25.3005,269.6525863,383.2784089,246.4915077,,,
255,25.4005,310.6674243,362.008462,272.856038,,,
256,25.5005,325.7861177,338.6511107,249.5399322,,,
257,25.6005,290.3719959,354.9457971,266.7032803,,,
258,25.7005,297.8638386,334.7019809,245.3988843,,,
259,25.8005,305.2290003,331.7195581,240.5244873,,,
260,25.9005,331.4190667,343.3095325,271.8671176,,,
261,26.0005,312.7255274,350.0663779,253.1138742,,,
262,26.1005,293.0049474,326.3347373,246.3064876,,,
263,26.2005,289.102719,341.9379329,226.9616454,,,
264,26.3005,309.5821171,341.4238464,240.9419384,,,
265,26.4005,294.0601471,395.7112584,216.2929975,,,
266,26.5005,296.1447902,440.7913693,269.98519,,,
267,26.6005,277.6400884,454.3656397,271.1941156,,,
268,26.7005,303.9213296,425.8824432,262.8733621,,,
269,26.8005,284.4777749,434.9642944,266.810525,,,
270,26.9005,329.5991859,423.7250783,259.3376512,,,
271,27.0005,271.935076,459.6832116,256.1502659,,,
272,27.1005,275.2131244,446.5366144,288.6046214,,,
273,27.2005,288.9688296,439.7264943,244.7993762,,,
274,27.3005,287.0432553,452.3004504,259.2943614,,,
275,27.4005,274.6978272,447.2224994,252.2432909,,,
276,27.5006,273.6052169,410.4843605,252.0057793,,,
277,27.6006,279.0101016,383.5062172,245.094549,,,
278,27.7006,267.7186983,355.621431,242.1390124,,,
279,27.8006,274.5548289,444.5610897,252.4123646,,,
280,27.9006,281.1860725,370.7598432,240.9649305,,,
281,28.0006,284.9511614,387.346525,250.1218033,,,
282,28.1006,304.857782,315.7730761,253.8703515,,,
283,28.2006,285.3787692,346.3391938,253.0619549,,,
284,28.3006,273.5923948,319.6292817,231.1984244,,,
285,28.4006,332.4425452,352.8496399,255.5810965,,,
286,28.5006,234.9475392,369.279286,247.8903587,,,
287,28.6006,256.49292,355.0505133,243.5462045,,,
288,28.7006,270.7997475,338.3684012,249.0945871,,,
289,28.8006,269.4424676,341.8095126,226.1236649,,,
290,28.9006,278.8033746,332.0551013,280.8747581,,,
291,29.0006,281.401885,364.068641,264.2544084,,,
292,29.1006,233.5421778,425.8760065,263.1454243,,,
293,29.2006,239.8646102,398.3486116,210.7856668,,,
294,29.3006,223.857281,411.1630622,265.4850557,,,
295,29.4006,254.9862201,427.6773819,271.1495658,,,
296,29.5006,255.4185664,435.3271903,298.5186661,,,
297,29.6006,237.1006572,459.2992906,227.8353916,,,
298,29.7006,244.5607285,408.4030108,230.6149758,,,
299,29.8006,299.0693001,420.8078034,227.6295142,,,
300,29.9006,288.4171196,436.486151,236.2676067,,,
301,30.0006,341.7827717,456.5124778,321.0114768,,,
302,30.1006,286.1374454,456.2551822,243.6683087,,,
303,30.2006,278.6325108,507.0196321,259.1790943,,,
304,30.3006,269.7801951,418.2112726,270.3499151,,,
305,30.4006,312.1432078,426.3251036,237.9193234,,,
306,30.5006,308.2604857,405.0339205,228.442037,,,
307,30.6006,311.8253931,463.6479261,268.1942431,,,
308,30.7006,318.0676131,433.1540567,259.5540385,,,
309,30.8006,308.4275415,436.5180186,203.2117711,,,
310,30.9006,322.0781052,410.7323312,264.6428319,,,
311,31.0006,296.162258,418.3831457,260.0122682,,,
312,31.1006,293.3561888,433.7282639,251.902375,,,
313,31.2006,301.1577642,444.6012479,258.8214094,,,
314,31.3006,287.0300455,423.4873914,242.9937213,,,
315,31.4006,292.0834477,397.9085716,226.3957793,,,
316,31.5006,270.5119614,385.0501663,266.5606712,,,
317,31.6006,322.2724632,380.7079074,256.2210105,,,
318,31.7006,308.902987,332.535991,245.5852798,,,
319,31.8006,254.4674639,323.0485581,282.4532598,,,
320,31.9006,274.3225183,346.7942445,229.7625782,,,
321,32.0006,290.3878727,396.1870585,210.2561414,,,
322,32.1006,296.2983177,378.3915213,245.8960321,,,
323,32.2006,307.6568779,386.6432426,206.4394447,,,
324,32.3006,341.7959931,378.2946784,223.1814343,,,
325,32.4006,309.9495142,350.5140402,226.483058,,,
326,32.5007,310.3472016,405.4029518,230.1807193,,,
327,32.6007,331.7736793,400.003735,240.8881844,,,
328,32.7007,378.7207384,398.8398176,212.3621232,,,
329,32.8007,372.6540795,403.2604471,243.6896429,,,
330,32.9007,353.8206346,393.1391927,221.006613,,,
331,33.0007,340.8219117,404.797424,195.2924703,,,
332,33.1007,335.6132766,406.0502365,236.9989086,,,
333,33.2007,337.6317684,369.296614,184.0081491,,,
334,33.3007,343.4276569,393.8710551,215.7526725,,,
335,33.4007,351.4273841,382.7580095,208.1679755,,,
336,33.5007,337.3235837,353.7012632,197.0147522,,,
337,33.6007,324.705994,389.159324,203.8929031,,,
338,33.7007,359.9994393,380.5514339,175.0524373,,,
339,33.8007,369.3027032,317.5263546,198.2974907,,,
340,33.9007,354.841222,308.7060879,212.0266684,,,
341,34.0007,369.5249994,352.6243261,210.4209505,,,
342,34.1007,371.6814359,380.564177,209.6541875,,,
343,34.2007,399.9200981,379.63194,230.9846074,,,
344,34.3007,411.9285302,420.5249243,198.0491666,,,
345,34.4007,345.1831059,398.278411,176.8735575,,,
346,34.5007,382.6330804,347.3243195,183.8044508,,,
347,34.6007,345.6529077,390.9139813,175.1100519,,,
348,34.7007,357.7954782,398.116738,198.4164491,,,
349,34.8007,356.6173968,432.5652906,196.4590643,,,
350,34.9007,371.4608808,447.1759838,198.8059534,,,
351,35.0007,378.7068436,392.9735746,166.8613882,,,
352,35.1007,377.2397844,462.9780307,174.4555748,,,
353,35.2007,400.5125752,454.8702765,150.6826655,,,
354,35.3007,402.9633468,424.5614154,172.7998448,,,
355,35.4007,361.468114,436.379681,201.5832484,,,
356,35.5007,376.5457636,419.6449195,192.3621887,,,
357,35.6007,390.3854693,424.4149809,206.837349,,,
358,35.7007,374.7387312,421.066225,182.2857973,,,
359,35.8007,371.7772488,355.8830599,196.5406034,,,
360,35.9007,350.4757504,378.3208318,196.3438654,,,
361,36.0007,420.0397583,406.5604213,186.7903826,,,
362,36.1007,333.1304342,392.7319381,209.4038597,,,
363,36.2007,312.1913732,389.2978029,209.9320543,,,
364,36.3007,350.5082997,359.0442837,227.1486452,,,
365,36.4007,340.2124388,368.8132861,230.0131985,,,
366,36.5007,358.704113,349.9609511,193.2958646,,,
367,36.6007,376.2869565,387.959829,207.7861426,,,
368,36.7007,391.2148154,392.8688405,202.2361759,,,
369,36.8007,393.6308379,379.0243932,205.9941073,,,
370,36.9007,374.4069194,342.7477259,193.6461756,,,
371,37.0007,359.1714053,387.3568445,192.2700913,,,
372,37.1007,355.1953663,381.6374411,205.1420389,,,
373,37.2007,375.9523211,435.8340155,190.1852951,,,
374,37.3007,361.7488925,442.0514463,206.8957548,,,
375,37.4007,360.8936641,359.5974689,192.331897,,,
376,37.5007,371.4754995,370.2244481,191.316322,,,
377,37.6008,397.4141363,474.937793,207.1189596,,,
378,37.7008,355.4016399,378.0630687,167.5706703,,,
379,37.8008,342.2993689,432.2584831,209.1292241,,,
380,37.9008,369.8420463,406.188573,211.4134936,,,
381,38.0008,362.1139839,393.1072167,243.126735,,,
382,38.1008,358.0124581,369.7813299,191.6756799,,,
383,38.2008,366.658399,357.0541746,212.3775822,,,
384,38.3008,400.7347577,396.0100428,188.3162299,,,
385,38.4008,384.1332645,379.6825408,192.7097042,,,
386,38.5008,418.8213562,406.0699615,204.3297361,,,
387,38.6008,360.9383351,413.1864437,190.6016268,,,
388,38.7008,372.6938522,372.9817344,173.9617929,,,
389,38.8008,322.9437333,338.3592149,183.9903736,,,
390,38.9008,384.4077985,368.6726275,173.7626559,,,
391,39.0008,379.4268115,345.1780905,182.9047006,,,
392,39.1008,387.1154307,359.9635398,173.6393116,,,
393,39.2008,350.7495776,358.9430805,220.1601886,,,
394,39.3008,405.1350174,359.2458605,231.6972882,,,
395,39.4008,415.2319976,325.5933364,182.8361188,,,
396,39.5008,350.6438708,356.6616367,189.2671233,,,
397,39.6008,379.1343297,323.1060643,192.5142925,,,
398,39.7008,384.0078544,360.0416494,211.0426883,,,
399,39.8008,351.8601181,353.8904106,198.0923818,,,
400,39.9008,380.6391907,317.1241948,194.2528577,,,
401,40.0008,397.3429865,365.0982234,183.4500072,,,
402,40.1008,345.1241559,391.9808377,191.8794014,,,
403,40.2008,379.6185284,343.9380341,192.5420652,,,
404,40.3008,358.4980889,362.8985863,194.2177768,,,
405,40.4008,377.3522528,366.2821274,187.6327024,,,
406,40.5008,353.0804232,359.4199591,207.0841046,,,
407,40.6008,345.5135991,361.3755442,196.3530702,,,
408,40.7008,361.6920515,360.7332158,187.4325236,,,
409,40.8008,394.482099,358.6047087,193.5630765,,,
410,40.9008,388.5768119,355.7246512,171.095521,,,
411,41.0008,347.6134485,359.2393214,201.1689161,,,
412,41.1008,326.4297051,330.9549455,195.67695,,,
413,41.2008,317.9058616,354.2992855,208.0492352,,,
414,41.3008,319.6973987,336.6810679,197.5340084,,,
415,41.4008,285.8378422,360.5922438,213.4778673,,,
416,41.5008,277.6897491,362.8514256,209.9478722,,,
417,41.6008,297.2061982,391.1027471,217.2912458,,,
418,41.7008,262.4542063,314.594963,174.725648,,,
419,41.8008,287.0656002,335.8709481,162.6634677,,,
420,41.9008,302.3484111,350.0566387,231.376042,,,
421,42.0008,278.5570361,307.5172937,171.5924344,,,
422,42.1008,341.2132326,365.3327816,186.8404003,,,
423,42.2008,387.5587351,334.8126923,190.652092,,,
424,42.3008,374.9344181,345.8884396,207.3959217,,,
425,42.4008,332.7236306,337.3593009,203.831307,,,
426,42.5008,397.4966707,344.1937254,210.1334938,,,
427,42.6009,298.9505621,311.8235359,209.021237,,,
428,42.7009,296.5820956,343.6502486,193.9279985,,,
429,42.8009,320.543402,303.3450999,259.0465811,,,
430,42.9009,324.6766597,309.7143061,184.2228313,,,
431,43.0009,404.4702532,310.9283208,247.8777608,,,
432,43.1009,313.4430545,331.4052666,252.5241833,,,
433,43.2009,321.9318896,283.3181242,256.1200296,,,
434,43.3009,365.6030373,285.0017615,241.3896716,,,
435,43.4009,397.9986914,295.686033,226.9394078,,,
436,43.5009,405.7655879,292.3435776,197.5824873,,,
437,43.6009,367.5283288,333.725183,204.0658094,,,
438,43.7009,410.4511219,292.8850656,217.3355253,,,
439,43.8009,364.3467634,370.8979691,177.688116,,,
440,43.9009,400.61915,366.2213382,215.3179961,,,
441,44.0009,403.6410329,335.5430988,213.3816944,,,
442,44.1009,417.2188168,356.8813247,226.5960107,,,
443,44.2009,400.333949,372.0481128,254.7499925,,,
444,44.3009,408.3385679,398.9112765,245.5111133,,,
445,44.4009,397.0258495,342.5235435,232.5622203,,,
446,44.5009,416.1495037,357.206125,222.7978286,,,
447,44.6009,423.5036947,359.7259673,264.4472732,,,
448,44.7009,408.3285853,351.1858338,244.5752024,,,
449,44.8009,419.7303683,334.1368576,223.6522441,,,
450,44.9009,395.5815603,414.8424401,250.6761496,,,
451,45.0009,398.5590948,371.9631448,256.8846383,,,
452,45.1009,402.5756285,426.5142475,234.0122791,,,
453,45.2009,429.0530116,363.3342481,226.9754255,,,
454,45.3009,459.4185619,370.8001523,231.2393511,,,
455,45.4009,412.6757207,383.4121756,265.0117623,,,
456,45.5009,430.2707523,386.8559638,225.1751659,,,
457,45.6009,395.6417032,432.7648782,226.1788334,,,
458,45.7009,402.4400512,389.3854055,252.9284444,,,
459,45.8009,440.8618041,356.3035088,274.8395611,,,
460,45.9009,411.9991532,331.2332537,239.9197067,,,
461,46.0009,408.3226725,355.875015,199.8754068,,,
462,46.1009,440.1506273,430.2888424,229.0778486,,,
463,46.2009,415.6635581,380.0785935,229.8875465,,,
464,46.3009,373.1662589,406.4314262,241.7700749,,,
465,46.4009,417.2500667,396.9384367,213.45222,,,
466,46.5009,377.7610188,397.3658714,231.0447035,,,
467,46.6009,372.5541052,400.3915193,246.1378408,,,
468,46.7009,370.5961739,396.3151478,234.2180466,,,
469,46.8009,380.0632839,388.4304064,225.5949194,,,
470,46.9009,401.0138804,406.3059352,219.6513922,,,
471,47.0009,388.2938225,389.6198633,221.0390348,,,
472,47.1009,436.5412714,460.2837377,218.2320094,,,
473,47.2009,390.6037738,415.9159219,225.8155079,,,
474,47.3009,379.1573831,370.0977542,221.9702748,,,
475,47.4009,356.6898064,410.5592817,218.0068168,,,
476,47.501,374.6649012,426.9481536,254.0533425,,,
477,47.601,374.6457211,481.1167527,263.5013139,,,
478,47.701,423.7056063,464.3009303,248.7449646,,,
479,47.801,435.5889407,441.6376101,247.7451789,,,
480,47.901,373.8067546,406.2991313,226.4857572,,,
481,48.001,400.9938209,406.5098481,226.6998298,,,
482,48.101,434.553495,460.2634557,252.8534153,,,
483,48.201,411.3919561,426.0335061,227.1785298,,,
484,48.301,422.9942199,416.7583417,245.2796778,,,
485,48.401,414.6997455,474.6549505,215.2925288,,,
486,48.501,428.9935703,425.129602,228.2193632,,,
487,48.601,410.8273261,438.0049924,222.4879299,,,
488,48.701,389.7058428,431.4597019,191.5656301,,,
489,48.801,389.030269,444.2141155,191.5587112,,,
490,48.901,413.6268493,446.7660175,241.1543567,,,
491,49.001,423.9326424,458.9286314,249.7991721,,,
492,49.101,400.9765365,484.8281039,211.8453326,,,
493,49.201,448.5024756,440.6937388,237.4844286,,,
494,49.301,385.7757792,457.3548744,240.8389422,,,
495,49.401,411.3400193,403.4092661,236.3273845,,,
496,49.501,405.2927941,440.6558551,219.3639698,,,
497,49.601,417.927481,429.6224394,220.2562917,,,
498,49.701,428.967592,458.304113,224.0163386,,,
499,49.801,436.7394077,449.4157845,220.4258036,,,
500,49.901,458.5075569,421.2794053,193.5841645,,,
501,50.001,446.6994732,427.2163139,226.5930392,,,
502,50.101,390.1079639,455.004304,261.571268,,,
503,50.201,420.540985,429.5200485,215.6448203,,,
504,50.301,393.8361052,442.8321426,198.7919766,,,
505,50.401,412.2438839,431.1133632,182.1378947,,,
506,50.501,414.9735951,474.7191621,168.7130685,,,
507,50.601,437.3886958,444.5863741,194.2286334,,,
508,50.701,469.9768926,469.1518288,220.8711497,,,
509,50.801,407.9465133,444.083843,224.785441,,,
510,50.901,395.8752002,448.2944583,239.2101891,,,
511,51.001,443.9553519,451.0784602,285.205765,,,
512,51.101,431.4148422,447.115528,280.507621,,,
513,51.201,439.7290227,473.8917314,277.7106824,,,
514,51.301,443.4311275,427.7748827,242.7760356,,,
515,51.401,457.3879017,423.534501,257.4273867,,,
516,51.501,402.1548572,538.6095058,235.8069019,,,
517,51.601,406.4944417,543.3639841,271.8384265,,,
518,51.701,458.1243575,483.1707708,225.8562252,,,
519,51.801,435.8050908,448.3705893,235.4760937,,,
520,51.901,455.0205469,458.2981456,233.8010808,,,
521,52.001,452.0523839,445.1269568,222.6761727,,,
522,52.101,450.0711645,466.737223,222.9061589,,,
523,52.201,375.2551728,430.7481329,213.8929104,,,
524,52.301,409.5661316,462.4348521,260.5435918,,,
525,52.401,461.7606982,445.0144119,250.7390212,,,
526,52.5011,422.0654952,461.4578629,243.9909339,,,
527,52.6011,388.4880318,463.1158344,245.6664894,,,
528,52.7011,436.9781927,410.7207971,273.1333485,,,
529,52.8011,392.6709245,439.505945,263.4173092,,,
530,52.9011,444.7889272,473.3814985,244.1222957,,,
531,53.0011,414.9291277,449.9824467,251.5516513,,,
532,53.1011,412.940507,487.7872355,253.922495,,,
533,53.2011,417.1334302,523.6518988,284.7577629,,,
534,53.3011,432.8408427,478.9750464,278.2070229,,,
535,53.4011,416.2544514,463.8851725,237.7906849,,,
536,53.5011,395.4798486,516.9162374,258.2786545,,,
537,53.6011,332.5335887,470.9397347,237.7629465,,,
538,53.7011,368.1809518,529.2851474,275.1733736,,,
539,53.8011,404.1473547,546.6951786,244.9308742,,,
540,53.9011,397.7128629,469.1357114,195.7575698,,,
541,54.0011,378.0666227,478.3285475,213.5948525,,,
542,54.1011,327.2489745,467.9246845,182.931785,,,
543,54.2011,422.5475086,424.1244971,205.0465662,,,
544,54.3011,391.7698341,463.4016777,211.7483369,,,
545,54.4011,434.4347807,463.261465,217.7736159,,,
546,54.5011,423.6559709,460.5016006,214.2230352,,,
547,54.6011,440.6533317,458.3724061,218.384562,,,
548,54.7011,436.5726957,448.2462955,185.7716255,,,
549,54.8011,431.3984261,448.1155613,229.576271,,,
550,54.9011,373.5666241,434.2827153,164.7999949,,,
551,55.0011,429.8890208,395.1400589,201.7826661,,,
552,55.1011,356.1326418,467.6383824,221.6206981,,,
553,55.2011,430.337333,472.8188251,180.4292709,,,
554,55.3011,454.8886321,452.8387034,181.3619489,,,
555,55.4011,465.8858174,360.5217363,249.4675044,,,
556,55.5011,452.2898013,404.0364954,235.0541943,,,
557,55.6011,387.2370008,440.0441319,249.7381213,,,
558,55.7011,347.6458177,473.4227623,213.9055412,,,
559,55.8011,318.2632795,423.9557455,234.7055112,,,
560,55.9011,408.7852507,467.6556024,244.8989511,,,
561,56.0011,364.5512403,460.840412,236.7379744,,,
562,56.1011,393.7718859,487.1445761,234.1755424,,,
563,56.2011,377.2647026,451.307534,238.4323051,,,
564,56.3011,427.7983986,398.9396086,229.9383061,,,
565,56.4011,368.2359693,417.5173633,210.0299859,,,
566,56.5011,357.5922317,418.8518673,242.5417214,,,
567,56.6011,378.5339292,470.5936718,222.1041468,,,
568,56.7011,400.0471765,404.6686639,237.9868824,,,
569,56.8011,412.3868168,371.1433536,237.6246126,,,
570,56.9011,435.350963,442.7725952,222.8603562,,,
571,57.0011,464.6135685,431.2877116,228.5225171,,,
572,57.1011,434.2608237,377.209519,213.602881,,,
573,57.2011,446.1718315,414.0557989,211.371306,,,
574,57.3011,444.2260472,460.8383791,208.637837,,,
575,57.4011,387.0701478,445.4433657,216.695848,,,
576,57.5012,405.107971,485.8263018,238.8843739,,,
577,57.6012,418.8917789,454.7331752,246.8027759,,,
578,57.7012,340.2796145,431.6046233,231.1536621,,,
579,57.8012,397.8988739,464.9187301,243.060614,,,
580,57.9012,418.1997948,440.0509948,230.8197825,,,
581,58.0012,368.1374305,454.4526827,243.4127025,,,
582,58.1012,354.2129242,454.0555049,238.3778442,,,
583,58.2012,299.4020795,457.8089641,226.2463366,,,
584,58.3012,394.9645551,459.3691721,257.8570179,,,
585,58.4012,443.3265467,444.0372216,239.8664453,,,
586,58.5012,420.3776422,404.7421845,226.0477169,,,
587,58.6012,437.452532,422.3638523,218.6872941,,,
588,58.7012,378.4056751,466.6130345,222.6233075,,,
589,58.8012,436.4856346,462.9905231,209.0775489,,,
590,58.9012,415.2955702,412.2014965,183.9299339,,,
591,59.0012,450.3929357,398.6315423,210.3787374,,,
592,59.1012,417.1825771,408.5631751,182.3343016,,,
593,59.2012,425.3082916,459.590125,205.4588558,,,
594,59.3012,452.1877165,445.737302,210.9363343,,,
595,59.4012,425.4585903,429.2573508,213.7631931,,,
596,59.5012,450.9790246,427.9979784,206.3932466,,,
597,59.6012,420.756921,422.9192512,227.6116401,,,
598,59.7012,374.3566537,450.8207563,175.8095323,,,
599,59.8012,437.588409,457.285781,192.8193446,,,
600,59.9012,423.271313,468.824418,219.7893688,,,
601,60.0012,436.7157265,465.3668724,232.4510683,,,
602,60.1012,417.7562617,436.8703542,212.5390026,,,
603,60.2012,390.6420668,432.0723194,216.2643325,,,
604,60.3012,416.4922179,380.6429902,198.7347931,,,
605,60.4012,445.414886,377.1159152,220.8803197,,,
606,60.5012,410.5670401,399.0131641,199.5965104,,,
607,60.6012,430.9237271,394.6409988,193.7869385,,,
608,60.7012,436.8532456,391.900683,232.4518631,,,
609,60.8012,454.2565623,421.3812401,232.0601514,,,
610,60.9012,428.4837101,433.5119845,245.1140474,,,
611,61.0012,461.8313896,394.0415223,199.1909137,,,
612,61.1012,451.5522757,432.0130965,221.8235897,,,
613,61.2012,447.7277866,441.8344831,217.0242278,,,
614,61.3012,431.4871447,472.6631483,234.3897219,,,
615,61.4012,422.3652211,439.2628641,212.4330502,,,
616,61.5012,417.5777072,475.0597717,223.0081861,,,
617,61.6012,476.5283707,487.4386743,218.5044675,,,
618,61.7012,372.3098791,373.3363888,205.3429831,,,
619,61.8012,443.3597655,378.8952458,229.9809015,,,
620,61.9012,401.5034319,388.3627414,190.7918207,,,
621,62.0012,431.5619541,424.5030191,223.7650263,,,
622,62.1012,413.9415037,457.8581966,198.1305418,,,
623,62.2012,382.3331261,438.9145012,229.333351,,,
624,62.3012,446.7427833,436.6581594,169.8023386,,,
625,62.4012,442.4960064,408.083125,216.6789328,,,
626,62.5012,399.9471764,394.6464319,181.0300794,,,
627,62.6013,426.9040002,395.1308412,185.9549846,,,
628,62.7013,405.149381,382.966143,227.3721789,,,
629,62.8013,457.4538818,446.4423724,184.7210509,,,
630,62.9013,403.6414541,444.524991,192.3295454,,,
631,63.0013,430.1537846,433.4473302,193.3796926,,,
632,63.1013,451.1549518,387.8337805,173.0610711,,,
633,63.2013,436.7905992,448.7597066,170.3765064,,,
634,63.3013,421.640942,423.8166596,181.8238054,,,
635,63.4013,447.8821284,433.1620272,225.646715,,,
636,63.5013,428.9282882,415.1737361,236.9945528,,,
637,63.6013,432.2732983,373.129298,217.6921989,,,
638,63.7013,380.0699631,446.5069193,231.3513347,,,
639,63.8013,394.6748872,411.5184645,224.9957583,,,
640,63.9013,444.4918024,436.2415105,210.1817228,,,
641,64.0013,433.924698,408.2545472,210.1953021,,,
642,64.1013,463.2062883,453.8953447,208.5745601,,,
643,64.2013,425.858148,436.7917532,194.2089471,,,
644,64.3013,444.9652883,400.5615011,208.7424911,,,
645,64.4013,469.2025723,390.1928596,199.2291347,,,
646,64.5013,448.9117953,466.4724956,220.5898276,,,
647,64.6013,442.688274,411.6869319,195.0999432,,,
648,64.7013,453.8105709,383.0057007,242.9386559,,,
649,64.8013,434.5232716,383.035122,184.0668956,,,
650,64.9013,481.4972015,382.8988638,204.4319065,,,
651,65.0013,442.7624114,385.6315706,201.2047197,,,
652,65.1013,466.8624993,379.05002,191.0292492,,,
653,65.2013,414.7281427,416.7544143,202.172477,,,
654,65.3013,446.0020331,399.2555933,178.0292124,,,
655,65.4013,464.1228595,370.0192765,189.5018697,,,
656,65.5013,437.5206035,378.2758107,172.3236043,,,
657,65.6013,415.8776329,372.4933671,181.2292927,,,
658,65.7013,439.9787848,383.0008741,191.1271561,,,
659,65.8013,430.5320144,371.7070813,170.8588166,,,
660,65.9013,420.7845815,350.6659702,223.8696092,,,
661,66.0013,430.8492011,385.5781137,175.3447046,,,
662,66.1013,426.0378965,412.6147387,198.94811,,,
663,66.2013,429.6938486,423.5399741,209.8064595,,,
664,66.3013,437.205801,415.4423,186.3912179,,,
665,66.4013,433.6679518,409.0479252,198.6862239,,,
666,66.5013,456.0526914,408.4436645,177.2377832,,,
667,66.6013,411.2354862,363.5544829,209.1314995,,,
668,66.7013,408.7927865,392.5192553,219.7020197,,,
669,66.8013,435.1303841,398.4502555,172.4862803,,,
670,66.9013,433.5511774,395.071,208.0404931,,,
671,67.0013,422.6743902,407.7263582,204.6204233,,,
672,67.1013,393.4121155,351.1398309,190.9558159,,,
673,67.2013,473.7668543,346.6217722,183.3109861,,,
674,67.3013,424.9406997,393.1627014,195.319105,,,
675,67.4013,437.0034592,405.3953027,170.185396,,,
676,67.5014,458.2388733,355.3274237,205.2267837,,,
677,67.6014,434.4870665,383.5556378,200.1878266,,,
678,67.7014,426.5730871,378.5792968,199.3800351,,,
679,67.8014,418.3146554,378.8305784,187.7108668,,,
680,67.9014,442.3813487,343.4967183,162.8642942,,,
681,68.0014,438.5686766,361.3335508,207.5530712,,,
682,68.1014,438.5727427,396.5435995,180.191963,,,
683,68.2014,420.565462,400.5924585,166.1733726,,,
684,68.3014,424.9930067,436.9566501,171.3131558,,,
685,68.4014,441.3750169,402.8545981,182.5216924,,,
686,68.5014,413.0484857,395.4872663,198.067947,,,
687,68.6014,404.0188391,397.4428087,162.7556253,,,
688,68.7014,454.245625,403.4766766,190.9517246,,,
689,68.8014,416.8226412,376.2544426,200.4757526,,,
690,68.9014,389.9802323,400.1383011,200.6735692,,,
691,69.0014,432.4773968,418.4416855,187.8571746,,,
692,69.1014,420.9239549,384.4297267,200.87754,,,
693,69.2014,446.891312,393.2460619,178.6879634,,,
694,69.3014,430.8217169,354.6507433,176.4747269,,,
695,69.4014,472.9041686,416.1030681,180.8808624,,,
696,69.5014,411.4442823,400.1620773,173.5367213,,,
697,69.6014,430.0576893,395.6002878,201.6231392,,,
698,69.7014,434.0926855,425.4367257,177.1022787,,,
699,69.8014,447.5670125,401.1178446,164.2441746,,,
700,69.9014,430.7879986,403.8321868,211.7525971,,,
701,70.0014,433.9454498,386.5387631,187.2808946,,,
702,70.1014,403.409041,448.7722075,175.6170152,,,
703,70.2014,444.7789438,435.8906822,201.4158188,,,
704,70.3014,389.7414633,336.2164539,166.8985911,,,
705,70.4014,425.9668599,370.2784188,190.4518921,,,
706,70.5014,468.0701057,419.4202325,164.9451581,,,
707,70.6014,389.1328483,411.608536,182.2868319,,,
708,70.7014,434.4239617,446.2819911,201.3935242,,,
709,70.8014,434.8612603,425.7584258,173.8802314,,,
710,70.9014,422.4387501,401.4507892,183.2501493,,,
711,71.0014,414.0419155,409.1781272,174.7268223,,,
712,71.1014,397.2968868,428.6914789,192.5970289,,,
713,71.2014,414.6284468,414.4735722,165.5846227,,,
714,71.3014,417.4951044,384.8758976,184.8718585,,,
715,71.4014,395.2721249,384.3397271,176.0912612,,,
716,71.5014,413.2651002,381.2504366,176.6179769,,,
717,71.6014,412.4892463,395.1355351,167.8493622,,,
718,71.7014,415.2919136,392.1261597,183.9707036,,,
719,71.8014,419.9685308,403.0343015,164.4556917,,,
720,71.9014,401.4023429,432.0354324,211.8644687,,,
721,72.0014,411.5003273,408.7416105,187.8856602,,,
722,72.1014,393.959641,411.5949082,195.5975415,,,
723,72.2014,405.7063884,407.5654544,239.7808928,,,
724,72.3014,418.9896761,347.1564764,190.3792697,,,
725,72.4014,382.3909928,395.9767161,176.4067321,,,
726,72.5014,412.1263407,404.8931878,196.1633331,,,
727,72.6015,446.699025,373.0032414,191.8486676,,,
728,72.7015,445.0458776,393.7556818,164.247714,,,
729,72.8015,368.8501422,398.8848397,173.0072239,,,
730,72.9015,408.5712849,386.2475107,189.0005188,,,
731,73.0015,397.4826542,409.1586434,160.7786443,,,
732,73.1015,375.2727779,406.9725681,172.3451037,,,
733,73.2015,381.6801318,399.6884118,170.1558502,,,
734,73.3015,389.7513777,387.7436937,168.8839466,,,
735,73.4015,404.9366811,371.9950856,170.5365831,,,
736,73.5015,392.8371265,379.9367461,234.7526935,,,
737,73.6015,416.1931992,370.0455001,208.5190105,,,
738,73.7015,453.0007931,375.7913094,227.7508131,,,
739,73.8015,439.3855562,418.075029,213.7354432,,,
740,73.9015,385.3648606,414.4460302,246.8215047,,,
741,74.0015,432.6961225,409.9816516,215.8350002,,,
742,74.1015,433.3139887,370.1792674,200.5423974,,,
743,74.2015,434.3664688,425.4714169,239.1305462,,,
744,74.3015,459.711553,430.2402988,275.0177331,,,
745,74.4015,440.1797689,401.5758058,232.3718832,,,
746,74.5015,451.7783584,408.6819891,227.8965999,,,
747,74.6015,466.8859698,388.5104787,221.6935502,,,
748,74.7015,446.177519,373.0508795,244.3877514,,,
749,74.8015,465.1810307,418.8668159,206.0115573,,,
750,74.9015,443.6974022,434.126232,236.6217583,,,
751,75.0015,424.6250713,423.4156758,222.0212265,,,
752,75.1015,434.2572431,366.2026868,233.6075429,,,
753,75.2015,446.937093,389.0348265,224.270803,,,
754,75.3015,431.9437472,406.3124941,249.0766931,,,
755,75.4015,441.7055424,405.0204298,208.9039296,,,
756,75.5015,426.6522156,447.0581389,243.7212093,,,
757,75.6015,463.1163421,437.7188228,243.1455769,,,
758,75.7015,464.3795145,470.3549823,225.4446883,,,
759,75.8015,427.6351009,432.0664426,241.8192315,,,
760,75.9015,458.5587895,429.685949,242.5503204,,,
761,76.0015,432.5351291,363.7025037,253.6329298,,,
762,76.1015,421.5130465,417.3541377,174.7700937,,,
763,76.2015,462.5605342,385.9403627,234.1610612,,,
764,76.3015,417.1711741,411.3090526,186.7945338,,,
765,76.4015,426.8195895,401.4098103,154.5930552,,,
766,76.5015,422.6054147,416.2063491,165.2545971,,,
767,76.6015,417.0724147,421.8742418,200.7411812,,,
768,76.7015,417.6842256,427.2625347,196.2310656,,,
769,76.8015,448.4885006,409.1309045,195.3533562,,,
770,76.9015,417.777322,383.9724165,177.6726233,,,
771,77.0015,418.6262057,394.7790854,182.8687509,,,
772,77.1015,427.9204136,360.0285511,193.1075997,,,
773,77.2015,430.6984011,421.4112739,173.3479972,,,
774,77.3015,380.2337006,393.8497836,220.1452715,,,
775,77.4015,401.807805,384.3418436,209.86057,,,
776,77.5016,466.5945872,410.3419347,232.5658802,,,
777,77.6016,449.2687952,430.678512,206.4412059,,,
778,77.7016,434.2210332,396.3361201,242.6657765,,,
779,77.8016,394.3880277,391.7112686,196.1463788,,,
780,77.9016,434.6271148,418.1067111,199.1035008,,,
781,78.0016,445.8131866,384.7665878,215.2075987,,,
782,78.1016,415.9188007,378.7795567,204.3741424,,,
783,78.2016,384.6877657,372.2070745,238.168175,,,
784,78.3016,361.5076111,398.9841567,212.4149622,,,
785,78.4016,371.0150465,409.612592,222.8309128,,,
786,78.5016,432.1573424,377.0720749,223.0494621,,,
787,78.6016,422.4568283,371.7088151,191.1441031,,,
788,78.7016,442.1000712,401.6439366,205.2892075,,,
789,78.8016,402.1077024,405.3628457,229.6371247,,,
790,78.9016,453.8662139,388.4151802,216.4266143,,,
791,79.0016,419.8928048,402.6396133,212.7647533,,,
792,79.1016,429.1748218,410.3524298,202.2645064,,,
793,79.2016,433.337746,406.310763,192.7338275,,,
794,79.3016,419.9597876,416.6224727,236.5817788,,,
795,79.4016,427.1756807,409.7626188,252.1505438,,,
796,79.5016,454.9574144,422.1957077,243.2179711,,,
797,79.6016,425.1797009,401.9630989,232.4026062,,,
798,79.7016,447.6701352,394.6258971,236.9640868,,,
799,79.8016,443.9801558,379.5102596,238.527588,,,
800,79.9016,422.1540543,392.8270265,249.8347879,,,
801,80.0016,420.6274802,342.8603878,247.3699899,,,
802,80.1016,433.4035056,388.3324073,246.5549137,,,
803,80.2016,384.8311247,418.6128523,262.4044524,,,
804,80.3016,373.5122471,375.6129679,263.3873523,,,
805,80.4016,330.4033877,392.8768552,254.0174621,,,
806,80.5016,314.4524465,423.7069649,257.1918502,,,
807,80.6016,352.7946691,404.9084225,251.456009,,,
808,80.7016,415.8151574,400.1566051,224.1903187,,,
809,80.8016,432.020974,381.550775,234.811695,,,
810,80.9016,409.9946872,400.2283961,235.2812281,,,
811,81.0016,417.8691139,435.8548488,262.398868,,,
812,81.1016,467.3289363,420.4707122,250.6994272,,,
813,81.2016,426.93445,383.7530284,261.6270622,,,
814,81.3016,421.8124897,384.9519789,280.1715119,,,
815,81.4016,403.4894721,423.7686184,241.9431998,,,
816,81.5016,432.3486428,346.5504212,240.3173603,,,
817,81.6016,433.240425,423.2356424,239.025013,,,
818,81.7016,401.9242205,449.1041842,240.941867,,,
819,81.8016,422.9196284,381.3837953,259.750173,,,
820,81.9016,433.7255992,362.4453181,247.7975574,,,
821,82.0016,446.5555264,375.1430403,265.1345397,,,
822,82.1016,424.6060843,433.9214411,273.2227781,,,
823,82.2016,460.1575912,440.3201968,254.6500162,,,
824,82.3016,444.4699853,424.253714,254.1549015,,,
825,82.4016,452.0601797,452.9999339,237.0246468,,,
826,82.5017,446.8244332,444.1142909,255.6215543,,,
827,82.6017,402.6351678,468.6269045,232.8593411,,,
828,82.7017,417.7498752,458.4780293,233.4181909,,,
829,82.8017,415.0873608,426.2369833,262.1807227,,,
830,82.9017,437.4581524,459.1645205,239.5653284,,,
831,83.0017,456.4838525,350.1151473,246.2524727,,,
832,83.1017,442.0349556,345.939032,223.9791347,,,
833,83.2017,430.9472722,382.0462722,237.4895156,,,
834,83.3017,411.7362404,397.7911301,247.4487964,,,
835,83.4017,471.473311,385.5020172,244.9904514,,,
836,83.5017,426.2255858,394.0190358,227.7801378,,,
837,83.6017,444.3203952,410.674105,199.279498,,,
838,83.7017,417.1831422,383.8700791,179.8188178,,,
839,83.8017,437.1712403,375.1229675,218.2918591,,,
840,83.9017,427.6193952,377.841389,201.8858027,,,
841,84.0017,458.8271807,375.6262787,198.3361099,,,
842,84.1017,461.0148009,433.3477653,211.326871,,,
843,84.2017,425.4018648,469.0227573,186.2262375,,,
844,84.3017,447.0281664,392.8543483,213.2935338,,,
845,84.4017,471.3263904,455.9171144,220.6201334,,,
846,84.5017,476.908593,396.1867798,204.7046645,,,
847,84.6017,443.4691576,372.5297969,234.3523245,,,
848,84.7017,446.0169516,362.9105116,256.8736954,,,
849,84.8017,451.8820859,408.0209565,236.5840655,,,
850,84.9017,425.3109263,392.7342065,211.039097,,,
851,85.0017,458.2239432,392.8488302,198.4621027,,,
852,85.1017,423.2216629,395.5664415,248.8128059,,,
853,85.2017,467.9923802,455.5217556,254.0518412,,,
854,85.3017,412.8055382,419.3596216,264.2872914,,,
855,85.4017,428.5008032,387.2286828,251.65694,,,
856,85.5017,469.7944557,404.9910748,269.4637433,,,
857,85.6017,447.1390411,386.4926273,233.399058,,,
858,85.7017,462.6671709,404.1527963,216.0481721,,,
859,85.8017,467.8454157,356.2643699,243.3586238,,,
860,85.9017,451.1610502,400.7355247,216.5903232,,,
861,86.0017,452.2484146,402.2075736,229.5707016,,,
862,86.1017,425.3120546,390.8771656,224.1838863,,,
863,86.2017,445.5909915,423.4437214,202.3408039,,,
864,86.3017,451.8032729,399.5825206,241.1505532,,,
865,86.4017,441.0473319,395.9594872,228.1478717,,,
866,86.5017,458.1031702,439.299711,229.4074911,,,
867,86.6017,439.2166056,358.1065398,239.6129928,,,
868,86.7017,438.812778,407.8238809,261.0610457,,,
869,86.8017,463.5138508,409.4676872,246.6947351,,,
870,86.9017,459.0332852,373.1364269,242.2346729,,,
871,87.0017,448.8570355,413.0109791,229.8276557,,,
872,87.1017,435.7644687,416.8892941,246.9866977,,,
873,87.2017,466.3764164,438.0026511,245.2120554,,,
874,87.3017,466.2485793,410.3557154,270.8862413,,,
875,87.4017,471.1060722,391.9267728,262.9379957,,,
876,87.5018,466.6048142,339.540689,255.1615983,,,
877,87.6018,456.2203947,318.3230742,235.2949761,,,
878,87.7018,431.5502886,389.3179457,235.8099576,,,
879,87.8018,465.5603232,423.1190781,249.4313331,,,
880,87.9018,458.9338509,373.9896786,244.716513,,,
881,88.0018,420.2845484,375.2280773,244.1179507,,,
882,88.1018,410.2571995,369.2902296,263.3623049,,,
883,88.2018,426.8478801,359.4809219,292.1222617,,,
884,88.3018,447.6923911,349.0174144,258.5299276,,,
885,88.4018,420.4862158,378.0206095,259.0431683,,,
886,88.5018,457.2146751,402.6824784,247.0070904,,,
887,88.6018,449.7203384,395.1620386,251.2647201,,,
888,88.7018,412.8345441,400.3269069,263.6042536,,,
889,88.8018,416.5751587,353.238699,257.0671483,,,
890,88.9018,469.4957738,368.4139442,248.5757785,,,
891,89.0018,408.3485564,351.4500714,253.5276005,,,
892,89.1018,454.7314555,414.4173237,223.0139,,,
893,89.2018,439.0004882,347.8805264,244.5532766,,,
894,89.3018,467.3422468,394.3347977,213.3978106,,,
895,89.4018,427.3437595,385.5975404,205.1551633,,,
896,89.5018,435.4557756,371.4961651,209.7585067,,,
897,89.6018,467.6117529,367.7679965,218.9627214,,,
898,89.7018,407.2278431,383.3939184,235.3526761,,,
899,89.8018,448.3932612,382.4406671,210.9897862,,,
900,89.9018,452.8164012,360.0537479,178.3302574,,,
901,90.0018,431.2112424,384.1682074,175.452383,,,
902,90.1018,427.0034651,441.8812131,152.9179985,,,
903,90.2018,429.5596503,393.7910459,175.9516932,,,
904,90.3018,420.6428906,352.3440719,167.0622412,,,
905,90.4018,430.4166905,332.3951025,181.7636805,,,
906,90.5018,434.8371784,361.9138133,166.919336,,,
907,90.6018,422.4607164,368.8240353,113.4242757,,,
908,90.7018,455.4471787,345.6755662,155.7370634,,,
909,90.8018,451.4513687,439.5550351,152.5968725,,,
910,90.9018,445.3648766,324.9766073,157.7025898,,,
911,91.0018,451.3890137,379.9473623,188.3307221,,,
912,91.1018,429.8685686,371.9757251,159.4923342,,,
913,91.2018,452.1906325,352.2878073,132.6002607,,,
914,91.3018,425.9225094,392.3016625,138.9147886,,,
915,91.4018,481.539541,402.6197469,136.4623704,,,
916,91.5018,439.3016155,411.5862066,170.4252839,,,
917,91.6018,448.3544952,367.4397135,151.5541054,,,
918,91.7018,454.5440346,398.8951622,135.4644854,,,
919,91.8018,444.9948334,384.9081963,140.2978567,,,
920,91.9018,460.3488617,307.3765616,162.5927499,,,
921,92.0018,428.7860816,338.9840599,165.9444204,,,
922,92.1018,462.3766148,381.8667784,184.6344664,,,
923,92.2018,427.8568563,378.1565097,163.4965785,,,
924,92.3018,457.814455,364.4942049,140.7669002,,,
925,92.4018,445.5313864,394.2327569,133.7509104,,,
926,92.5019,434.6594526,407.4908637,137.5030063,,,
927,92.6019,452.6513418,392.2121927,174.7970829,,,
928,92.7019,436.3206521,384.9071944,157.0139209,,,
929,92.8019,422.0137662,415.6910795,138.3891199,,,
930,92.9019,442.6921907,365.6098852,144.2635928,,,
931,93.0019,437.5568416,375.2702885,138.6022301,,,
932,93.1019,441.6221893,411.2107623,129.92619,,,
933,93.2019,416.6206318,385.6765572,147.4548941,,,
934,93.3019,466.5584821,392.9067899,143.6014646,,,
935,93.4019,420.5208081,402.3355207,132.9191225,,,
936,93.5019,444.0502394,397.7849777,157.6310816,,,
937,93.6019,460.7642533,401.7356477,154.8423245,,,
938,93.7019,444.4476364,406.1924845,154.3404339,,,
939,93.8019,458.9671755,415.1773991,154.3836094,,,
940,93.9019,422.3269673,379.0340875,165.6681929,,,
941,94.0019,408.2888315,418.7007007,86.35438098,,,
942,94.1019,408.7667552,398.6165739,110.6343688,,,
943,94.2019,399.4226745,424.2458264,110.8254854,,,
944,94.3019,433.3880124,394.6441252,124.4122633,,,
945,94.4019,455.3080121,417.3144983,105.3798357,,,
946,94.5019,452.2607656,367.9079749,100.0456049,,,
947,94.6019,439.2605014,339.1155671,98.13286341,,,
948,94.7019,450.4145783,383.1150506,92.80851567,,,
949,94.8019,485.888181,385.526245,98.98524654,,,
950,94.9019,486.2127403,394.6930063,81.84825962,,,
951,95.0019,483.1364527,414.6749094,79.14280881,,,
952,95.1019,469.0753972,424.5535464,76.42027765,,,
953,95.2019,466.9867993,398.2362749,91.76839206,,,
954,95.3019,471.5692985,397.489015,104.4451417,,,
955,95.4019,479.9014968,437.177165,75.28243248,,,
956,95.5019,470.9218208,404.8929222,89.01288961,,,
957,95.6019,489.2723071,400.893765,98.39966586,,,
958,95.7019,493.1991096,407.0894718,176.1706937,,,
959,95.8019,491.517879,405.4318528,171.3259437,,,
960,95.9019,450.04488,407.458097,194.6728817,,,
961,96.0019,478.6373388,406.4956946,198.0423587,,,
962,96.1019,453.5422781,409.7883611,133.2962605,,,
963,96.2019,490.8813177,398.1629466,113.3677058,,,
964,96.3019,472.6792703,384.2408078,126.8457808,,,
965,96.4019,477.3247981,396.5004675,162.9147229,,,
966,96.5019,447.158815,395.6041224,145.3011902,,,
967,96.6019,459.7375129,419.8547148,113.0809227,,,
968,96.7019,453.9207871,413.041092,159.1772636,,,
969,96.8019,442.9160808,413.0916594,131.9138224,,,
970,96.9019,429.3693369,452.0480764,103.3082974,,,
971,97.0019,454.0069733,419.0464077,144.9110895,,,
972,97.1019,473.4075502,360.5355657,114.1874092,,,
973,97.2019,444.336526,396.2784913,135.5935231,,,
974,97.3019,462.0038825,413.2025032,151.2216515,,,
975,97.4019,455.5681221,385.6379164,157.109216,,,
976,97.5019,434.1619444,440.2004146,179.5263956,,,
977,97.602,453.8462865,417.1043153,161.7339988,,,
978,97.702,451.2369966,398.2858771,162.7683434,,,
979,97.802,431.2826412,344.7913797,166.9728795,,,
980,97.902,468.01339,373.2777423,159.6424217,,,
981,98.002,452.6019144,365.3341958,147.7629555,,,
982,98.102,439.5175758,376.0717754,160.1913543,,,
983,98.202,451.5246805,391.020665,126.4471269,,,
984,98.302,447.4986285,409.4895523,132.1708037,,,
985,98.402,453.634261,439.9487143,147.2606461,,,
986,98.502,432.7201069,419.4117353,149.3964833,,,
987,98.602,406.4967583,416.6325453,124.184704,,,
988,98.702,436.0796304,439.4052453,124.512016,,,
989,98.802,424.2937378,415.314648,181.8861067,,,
990,98.902,476.9438668,394.066656,138.9721061,,,
991,99.002,442.9693549,367.9673051,154.9161138,,,
992,99.102,472.8737691,432.2356876,144.0487573,,,
993,99.202,466.0449541,434.4386505,83.06992496,,,
994,99.302,462.8196718,402.3390686,123.2615141,,,
995,99.402,464.8825073,403.8301116,105.2796096,,,
996,99.502,456.0744322,397.7926439,130.9592608,,,
997,99.602,483.5053701,387.3984087,150.5049515,,,
998,99.702,445.659562,369.0716989,128.9179993,,,
999,99.802,451.9154256,398.8665002,139.8646664,,,
1000,99.902,445.7207952,381.9714556,155.9888099,,,
1001,100,453.3809585,381.274427,139.7694311,,,
